{"t_DeviceID":"comdevice1","t_CO2":400,"t_tVOC":0,"t_pm1_0":28,"t_pm2_5":38,"t_pm10":45,"t_pm1_0MIN":28,"t_pm2_5MIN":37,"t_pm10MIN":43,"t_pm1_0MAX":29,"t_pm2_5MAX":40,"t_pm10MAX":49,"t_tempC":21.51,"t_humiP":57.73,"t_pressure":99985.523438,"t_latitudeA":0.0,"t_longitudeA":0.0,"EventProcessedUtcTime":"2019-05-14T14:24:10.3600501Z","PartitionId":2,"EventEnqueuedUtcTime":"2019-05-14T14:24:10.1580000Z","IoTHub":{"MessageId":null,"CorrelationId":null,"ConnectionDeviceId":"comdevice1","ConnectionDeviceGenerationId":"636934198778560378","EnqueuedTime":"2019-05-14T14:24:10.1560000Z","StreamId":null}}
{"t_DeviceID":"comdevice1","t_CO2":426,"t_tVOC":3,"t_pm1_0":27,"t_pm2_5":37,"t_pm10":45,"t_pm1_0MIN":27,"t_pm2_5MIN":35,"t_pm10MIN":44,"t_pm1_0MAX":28,"t_pm2_5MAX":40,"t_pm10MAX":48,"t_tempC":21.9,"t_humiP":55.369999,"t_pressure":99992.367188,"t_latitudeA":0.0,"t_longitudeA":0.0,"EventProcessedUtcTime":"2019-05-14T14:25:10.1749344Z","PartitionId":2,"EventEnqueuedUtcTime":"2019-05-14T14:25:10.0460000Z","IoTHub":{"MessageId":null,"CorrelationId":null,"ConnectionDeviceId":"comdevice1","ConnectionDeviceGenerationId":"636934198778560378","EnqueuedTime":"2019-05-14T14:25:10.0470000Z","StreamId":null}}
{"t_DeviceID":"comdevice1","t_CO2":417,"t_tVOC":2,"t_pm1_0":27,"t_pm2_5":39,"t_pm10":40,"t_pm1_0MIN":27,"t_pm2_5MIN":38,"t_pm10MIN":39,"t_pm1_0MAX":28,"t_pm2_5MAX":40,"t_pm10MAX":41,"t_tempC":22.219999,"t_humiP":53.880001,"t_pressure":99987.664062,"t_latitudeA":0.0,"t_longitudeA":0.0,"EventProcessedUtcTime":"2019-05-14T14:26:10.2072585Z","PartitionId":2,"EventEnqueuedUtcTime":"2019-05-14T14:26:10.0690000Z","IoTHub":{"MessageId":null,"CorrelationId":null,"ConnectionDeviceId":"comdevice1","ConnectionDeviceGenerationId":"636934198778560378","EnqueuedTime":"2019-05-14T14:26:10.0660000Z","StreamId":null}}
{"t_DeviceID":"comdevice1","t_CO2":414,"t_tVOC":2,"t_pm1_0":27,"t_pm2_5":39,"t_pm10":53,"t_pm1_0MIN":26,"t_pm2_5MIN":37,"t_pm10MIN":51,"t_pm1_0MAX":28,"t_pm2_5MAX":40,"t_pm10MAX":54,"t_tempC":22.51,"t_humiP":53.220001,"t_pressure":99989.859375,"t_latitudeA":0.0,"t_longitudeA":0.0,"EventProcessedUtcTime":"2019-05-14T14:27:10.1572103Z","PartitionId":2,"EventEnqueuedUtcTime":"2019-05-14T14:27:10.0690000Z","IoTHub":{"MessageId":null,"CorrelationId":null,"ConnectionDeviceId":"comdevice1","ConnectionDeviceGenerationId":"636934198778560378","EnqueuedTime":"2019-05-14T14:27:10.0640000Z","StreamId":null}}
{"t_DeviceID":"comdevice1","t_CO2":466,"t_tVOC":10,"t_pm1_0":25,"t_pm2_5":33,"t_pm10":36,"t_pm1_0MIN":25,"t_pm2_5MIN":33,"t_pm10MIN":35,"t_pm1_0MAX":26,"t_pm2_5MAX":34,"t_pm10MAX":39,"t_tempC":22.75,"t_humiP":53.130001,"t_pressure":99986.1875,"t_latitudeA":0.0,"t_longitudeA":0.0,"EventProcessedUtcTime":"2019-05-14T14:28:10.2076948Z","PartitionId":2,"EventEnqueuedUtcTime":"2019-05-14T14:28:10.0760000Z","IoTHub":{"MessageId":null,"CorrelationId":null,"ConnectionDeviceId":"comdevice1","ConnectionDeviceGenerationId":"636934198778560378","EnqueuedTime":"2019-05-14T14:28:10.0700000Z","StreamId":null}}
{"t_DeviceID":"comdevice1","t_CO2":1792,"t_tVOC":212,"t_pm1_0":25,"t_pm2_5":34,"t_pm10":38,"t_pm1_0MIN":25,"t_pm2_5MIN":33,"t_pm10MIN":35,"t_pm1_0MAX":26,"t_pm2_5MAX":35,"t_pm10MAX":39,"t_tempC":22.940001,"t_humiP":52.290001,"t_pressure":99989.546875,"t_latitudeA":0.0,"t_longitudeA":0.0,"EventProcessedUtcTime":"2019-05-14T14:29:10.2233059Z","PartitionId":2,"EventEnqueuedUtcTime":"2019-05-14T14:29:10.0840000Z","IoTHub":{"MessageId":null,"CorrelationId":null,"ConnectionDeviceId":"comdevice1","ConnectionDeviceGenerationId":"636934198778560378","EnqueuedTime":"2019-05-14T14:29:10.0790000Z","StreamId":null}}
{"t_DeviceID":"comdevice1","t_CO2":877,"t_tVOC":72,"t_pm1_0":26,"t_pm2_5":37,"t_pm10":45,"t_pm1_0MIN":25,"t_pm2_5MIN":36,"t_pm10MIN":43,"t_pm1_0MAX":27,"t_pm2_5MAX":37,"t_pm10MAX":47,"t_tempC":23.120001,"t_humiP":51.540001,"t_pressure":99984.046875,"t_latitudeA":0.0,"t_longitudeA":0.0,"EventProcessedUtcTime":"2019-05-14T14:30:10.2189593Z","PartitionId":2,"EventEnqueuedUtcTime":"2019-05-14T14:30:10.0920000Z","IoTHub":{"MessageId":null,"CorrelationId":null,"ConnectionDeviceId":"comdevice1","ConnectionDeviceGenerationId":"636934198778560378","EnqueuedTime":"2019-05-14T14:30:10.0950000Z","StreamId":null}}
{"t_DeviceID":"comdevice1","t_CO2":694,"t_tVOC":44,"t_pm1_0":25,"t_pm2_5":33,"t_pm10":38,"t_pm1_0MIN":24,"t_pm2_5MIN":32,"t_pm10MIN":34,"t_pm1_0MAX":27,"t_pm2_5MAX":36,"t_pm10MAX":48,"t_tempC":23.27,"t_humiP":50.950001,"t_pressure":99989.109375,"t_latitudeA":0.0,"t_longitudeA":0.0,"EventProcessedUtcTime":"2019-05-14T14:31:10.1702178Z","PartitionId":2,"EventEnqueuedUtcTime":"2019-05-14T14:31:10.1100000Z","IoTHub":{"MessageId":null,"CorrelationId":null,"ConnectionDeviceId":"comdevice1","ConnectionDeviceGenerationId":"636934198778560378","EnqueuedTime":"2019-05-14T14:31:10.1130000Z","StreamId":null}}
{"t_DeviceID":"comdevice1","t_CO2":637,"t_tVOC":36,"t_pm1_0":28,"t_pm2_5":39,"t_pm10":44,"t_pm1_0MIN":27,"t_pm2_5MIN":36,"t_pm10MIN":41,"t_pm1_0MAX":30,"t_pm2_5MAX":41,"t_pm10MAX":47,"t_tempC":23.379999,"t_humiP":50.220001,"t_pressure":99985.296875,"t_latitudeA":0.0,"t_longitudeA":0.0,"EventProcessedUtcTime":"2019-05-14T14:32:10.1812998Z","PartitionId":2,"EventEnqueuedUtcTime":"2019-05-14T14:32:10.1140000Z","IoTHub":{"MessageId":null,"CorrelationId":null,"ConnectionDeviceId":"comdevice1","ConnectionDeviceGenerationId":"636934198778560378","EnqueuedTime":"2019-05-14T14:32:10.1080000Z","StreamId":null}}
{"t_DeviceID":"comdevice1","t_CO2":600,"t_tVOC":30,"t_pm1_0":25,"t_pm2_5":33,"t_pm10":46,"t_pm1_0MIN":24,"t_pm2_5MIN":33,"t_pm10MIN":43,"t_pm1_0MAX":26,"t_pm2_5MAX":34,"t_pm10MAX":50,"t_tempC":23.5,"t_humiP":49.900002,"t_pressure":99983.726562,"t_latitudeA":0.0,"t_longitudeA":0.0,"EventProcessedUtcTime":"2019-05-14T14:33:10.2823947Z","PartitionId":2,"EventEnqueuedUtcTime":"2019-05-14T14:33:10.1260000Z","IoTHub":{"MessageId":null,"CorrelationId":null,"ConnectionDeviceId":"comdevice1","ConnectionDeviceGenerationId":"636934198778560378","EnqueuedTime":"2019-05-14T14:33:10.1340000Z","StreamId":null}}
{"t_DeviceID":"comdevice1","t_CO2":649,"t_tVOC":37,"t_pm1_0":26,"t_pm2_5":36,"t_pm10":38,"t_pm1_0MIN":25,"t_pm2_5MIN":36,"t_pm10MIN":38,"t_pm1_0MAX":26,"t_pm2_5MAX":37,"t_pm10MAX":39,"t_tempC":23.629999,"t_humiP":50.259998,"t_pressure":99985.734375,"t_latitudeA":0.0,"t_longitudeA":0.0,"EventProcessedUtcTime":"2019-05-14T14:34:10.2032139Z","PartitionId":2,"EventEnqueuedUtcTime":"2019-05-14T14:34:10.1300000Z","IoTHub":{"MessageId":null,"CorrelationId":null,"ConnectionDeviceId":"comdevice1","ConnectionDeviceGenerationId":"636934198778560378","EnqueuedTime":"2019-05-14T14:34:10.1400000Z","StreamId":null}}
{"t_DeviceID":"comdevice1","t_CO2":620,"t_tVOC":33,"t_pm1_0":24,"t_pm2_5":35,"t_pm10":47,"t_pm1_0MIN":24,"t_pm2_5MIN":34,"t_pm10MIN":46,"t_pm1_0MAX":25,"t_pm2_5MAX":36,"t_pm10MAX":50,"t_tempC":23.73,"t_humiP":49.5,"t_pressure":99979.320312,"t_latitudeA":0.0,"t_longitudeA":0.0,"EventProcessedUtcTime":"2019-05-14T14:35:10.1658246Z","PartitionId":2,"EventEnqueuedUtcTime":"2019-05-14T14:35:10.0510000Z","IoTHub":{"MessageId":null,"CorrelationId":null,"ConnectionDeviceId":"comdevice1","ConnectionDeviceGenerationId":"636934198778560378","EnqueuedTime":"2019-05-14T14:35:10.0420000Z","StreamId":null}}
{"t_DeviceID":"comdevice1","t_CO2":686,"t_tVOC":43,"t_pm1_0":26,"t_pm2_5":33,"t_pm10":43,"t_pm1_0MIN":26,"t_pm2_5MIN":32,"t_pm10MIN":42,"t_pm1_0MAX":27,"t_pm2_5MAX":36,"t_pm10MAX":45,"t_tempC":23.9,"t_humiP":49.130001,"t_pressure":99985.71875,"t_latitudeA":0.0,"t_longitudeA":0.0,"EventProcessedUtcTime":"2019-05-14T14:36:10.1374149Z","PartitionId":2,"EventEnqueuedUtcTime":"2019-05-14T14:36:09.9760000Z","IoTHub":{"MessageId":null,"CorrelationId":null,"ConnectionDeviceId":"comdevice1","ConnectionDeviceGenerationId":"636934198778560378","EnqueuedTime":"2019-05-14T14:36:09.9680000Z","StreamId":null}}
{"t_DeviceID":"comdevice1","t_CO2":607,"t_tVOC":31,"t_pm1_0":22,"t_pm2_5":32,"t_pm10":33,"t_pm1_0MIN":22,"t_pm2_5MIN":32,"t_pm10MIN":33,"t_pm1_0MAX":23,"t_pm2_5MAX":34,"t_pm10MAX":35,"t_tempC":23.98,"t_humiP":48.790001,"t_pressure":99981.328125,"t_latitudeA":0.0,"t_longitudeA":0.0,"EventProcessedUtcTime":"2019-05-14T14:37:09.9747654Z","PartitionId":2,"EventEnqueuedUtcTime":"2019-05-14T14:37:09.8640000Z","IoTHub":{"MessageId":null,"CorrelationId":null,"ConnectionDeviceId":"comdevice1","ConnectionDeviceGenerationId":"636934198778560378","EnqueuedTime":"2019-05-14T14:37:09.8540000Z","StreamId":null}}
{"t_DeviceID":"comdevice1","t_CO2":580,"t_tVOC":27,"t_pm1_0":27,"t_pm2_5":35,"t_pm10":44,"t_pm1_0MIN":27,"t_pm2_5MIN":35,"t_pm10MIN":42,"t_pm1_0MAX":28,"t_pm2_5MAX":36,"t_pm10MAX":46,"t_tempC":24.09,"t_humiP":48.389999,"t_pressure":99979.265625,"t_latitudeA":0.0,"t_longitudeA":0.0,"EventProcessedUtcTime":"2019-05-14T14:38:10.1832996Z","PartitionId":2,"EventEnqueuedUtcTime":"2019-05-14T14:38:10.0760000Z","IoTHub":{"MessageId":null,"CorrelationId":null,"ConnectionDeviceId":"comdevice1","ConnectionDeviceGenerationId":"636934198778560378","EnqueuedTime":"2019-05-14T14:38:10.0750000Z","StreamId":null}}
{"t_DeviceID":"comdevice1","t_CO2":629,"t_tVOC":34,"t_pm1_0":25,"t_pm2_5":35,"t_pm10":37,"t_pm1_0MIN":25,"t_pm2_5MIN":35,"t_pm10MIN":36,"t_pm1_0MAX":27,"t_pm2_5MAX":37,"t_pm10MAX":40,"t_tempC":24.15,"t_humiP":48.369999,"t_pressure":99984.632812,"t_latitudeA":0.0,"t_longitudeA":0.0,"EventProcessedUtcTime":"2019-05-14T14:39:10.1928535Z","PartitionId":2,"EventEnqueuedUtcTime":"2019-05-14T14:39:10.0890000Z","IoTHub":{"MessageId":null,"CorrelationId":null,"ConnectionDeviceId":"comdevice1","ConnectionDeviceGenerationId":"636934198778560378","EnqueuedTime":"2019-05-14T14:39:10.0920000Z","StreamId":null}}