{"t_DeviceID":"comdevice1","t_CO2":400,"t_tVOC":0,"t_pm1_0":12,"t_pm2_5":20,"t_pm10":35,"t_pm1_0MIN":11,"t_pm2_5MIN":19,"t_pm10MIN":32,"t_pm1_0MAX":13,"t_pm2_5MAX":24,"t_pm10MAX":39,"t_tempC":23.93,"t_humiP":31.34,"t_pressure":99184.1875,"t_latitudeA":0.0,"t_longitudeA":0.0,"EventProcessedUtcTime":"2019-05-22T08:42:10.4961764Z","PartitionId":2,"EventEnqueuedUtcTime":"2019-05-22T08:42:10.2760000Z","IoTHub":{"MessageId":null,"CorrelationId":null,"ConnectionDeviceId":"comdevice1","ConnectionDeviceGenerationId":"636934198778560378","EnqueuedTime":"2019-05-22T08:42:10.2510000Z","StreamId":null}}
{"t_DeviceID":"comdevice1","t_CO2":405,"t_tVOC":0,"t_pm1_0":13,"t_pm2_5":19,"t_pm10":28,"t_pm1_0MIN":12,"t_pm2_5MIN":19,"t_pm10MIN":27,"t_pm1_0MAX":14,"t_pm2_5MAX":21,"t_pm10MAX":28,"t_tempC":24.299999,"t_humiP":30.4,"t_pressure":99193.203125,"t_latitudeA":0.0,"t_longitudeA":0.0,"EventProcessedUtcTime":"2019-05-22T08:43:10.3537664Z","PartitionId":2,"EventEnqueuedUtcTime":"2019-05-22T08:43:10.2930000Z","IoTHub":{"MessageId":null,"CorrelationId":null,"ConnectionDeviceId":"comdevice1","ConnectionDeviceGenerationId":"636934198778560378","EnqueuedTime":"2019-05-22T08:43:10.2620000Z","StreamId":null}}
{"t_DeviceID":"comdevice1","t_CO2":426,"t_tVOC":3,"t_pm1_0":13,"t_pm2_5":19,"t_pm10":32,"t_pm1_0MIN":13,"t_pm2_5MIN":17,"t_pm10MIN":28,"t_pm1_0MAX":14,"t_pm2_5MAX":19,"t_pm10MAX":34,"t_tempC":24.610001,"t_humiP":30.700001,"t_pressure":99191.3125,"t_latitudeA":0.0,"t_longitudeA":0.0,"EventProcessedUtcTime":"2019-05-22T08:44:10.3383412Z","PartitionId":2,"EventEnqueuedUtcTime":"2019-05-22T08:44:10.2420000Z","IoTHub":{"MessageId":null,"CorrelationId":null,"ConnectionDeviceId":"comdevice1","ConnectionDeviceGenerationId":"636934198778560378","EnqueuedTime":"2019-05-22T08:44:10.2160000Z","StreamId":null}}
{"t_DeviceID":"comdevice1","t_CO2":400,"t_tVOC":0,"t_pm1_0":14,"t_pm2_5":19,"t_pm10":23,"t_pm1_0MIN":14,"t_pm2_5MIN":18,"t_pm10MIN":21,"t_pm1_0MAX":15,"t_pm2_5MAX":20,"t_pm10MAX":25,"t_tempC":24.75,"t_humiP":29.24,"t_pressure":99188.25,"t_latitudeA":0.0,"t_longitudeA":0.0,"EventProcessedUtcTime":"2019-05-22T08:45:10.4179364Z","PartitionId":2,"EventEnqueuedUtcTime":"2019-05-22T08:45:10.3160000Z","IoTHub":{"MessageId":null,"CorrelationId":null,"ConnectionDeviceId":"comdevice1","ConnectionDeviceGenerationId":"636934198778560378","EnqueuedTime":"2019-05-22T08:45:10.2820000Z","StreamId":null}}
{"t_DeviceID":"comdevice1","t_CO2":428,"t_tVOC":4,"t_pm1_0":14,"t_pm2_5":20,"t_pm10":21,"t_pm1_0MIN":14,"t_pm2_5MIN":20,"t_pm10MIN":21,"t_pm1_0MAX":14,"t_pm2_5MAX":21,"t_pm10MAX":24,"t_tempC":24.92,"t_humiP":29.99,"t_pressure":99187.34375,"t_latitudeA":0.0,"t_longitudeA":0.0,"EventProcessedUtcTime":"2019-05-22T08:46:10.3524598Z","PartitionId":2,"EventEnqueuedUtcTime":"2019-05-22T08:46:10.3260000Z","IoTHub":{"MessageId":null,"CorrelationId":null,"ConnectionDeviceId":"comdevice1","ConnectionDeviceGenerationId":"636934198778560378","EnqueuedTime":"2019-05-22T08:46:10.2840000Z","StreamId":null}}
{"t_DeviceID":"comdevice1","t_CO2":493,"t_tVOC":14,"t_pm1_0":13,"t_pm2_5":18,"t_pm10":30,"t_pm1_0MIN":12,"t_pm2_5MIN":18,"t_pm10MIN":30,"t_pm1_0MAX":14,"t_pm2_5MAX":19,"t_pm10MAX":31,"t_tempC":25.08,"t_humiP":29.049999,"t_pressure":99181.296875,"t_latitudeA":0.0,"t_longitudeA":0.0,"EventProcessedUtcTime":"2019-05-22T08:47:10.3558102Z","PartitionId":2,"EventEnqueuedUtcTime":"2019-05-22T08:47:10.2520000Z","IoTHub":{"MessageId":null,"CorrelationId":null,"ConnectionDeviceId":"comdevice1","ConnectionDeviceGenerationId":"636934198778560378","EnqueuedTime":"2019-05-22T08:47:10.2160000Z","StreamId":null}}
{"t_DeviceID":"comdevice1","t_CO2":436,"t_tVOC":5,"t_pm1_0":13,"t_pm2_5":21,"t_pm10":25,"t_pm1_0MIN":13,"t_pm2_5MIN":20,"t_pm10MIN":25,"t_pm1_0MAX":14,"t_pm2_5MAX":22,"t_pm10MAX":27,"t_tempC":25.209999,"t_humiP":28.790001,"t_pressure":99187.695312,"t_latitudeA":0.0,"t_longitudeA":0.0,"EventProcessedUtcTime":"2019-05-22T08:48:10.3549935Z","PartitionId":2,"EventEnqueuedUtcTime":"2019-05-22T08:48:10.3130000Z","IoTHub":{"MessageId":null,"CorrelationId":null,"ConnectionDeviceId":"comdevice1","ConnectionDeviceGenerationId":"636934198778560378","EnqueuedTime":"2019-05-22T08:48:10.2750000Z","StreamId":null}}
{"t_DeviceID":"comdevice1","t_CO2":473,"t_tVOC":11,"t_pm1_0":14,"t_pm2_5":21,"t_pm10":21,"t_pm1_0MIN":14,"t_pm2_5MIN":20,"t_pm10MIN":21,"t_pm1_0MAX":15,"t_pm2_5MAX":21,"t_pm10MAX":22,"t_tempC":25.34,"t_humiP":28.68,"t_pressure":99189.765625,"t_latitudeA":0.0,"t_longitudeA":0.0,"EventProcessedUtcTime":"2019-05-22T08:49:10.3886064Z","PartitionId":2,"EventEnqueuedUtcTime":"2019-05-22T08:49:10.3450000Z","IoTHub":{"MessageId":null,"CorrelationId":null,"ConnectionDeviceId":"comdevice1","ConnectionDeviceGenerationId":"636934198778560378","EnqueuedTime":"2019-05-22T08:49:10.3140000Z","StreamId":null}}
{"t_DeviceID":"comdevice1","t_CO2":1345,"t_tVOC":143,"t_pm1_0":12,"t_pm2_5":17,"t_pm10":18,"t_pm1_0MIN":12,"t_pm2_5MIN":17,"t_pm10MIN":18,"t_pm1_0MAX":13,"t_pm2_5MAX":17,"t_pm10MAX":20,"t_tempC":25.41,"t_humiP":29.690001,"t_pressure":99189.03125,"t_latitudeA":0.0,"t_longitudeA":0.0,"EventProcessedUtcTime":"2019-05-22T08:50:10.2764347Z","PartitionId":2,"EventEnqueuedUtcTime":"2019-05-22T08:50:10.2590000Z","IoTHub":{"MessageId":null,"CorrelationId":null,"ConnectionDeviceId":"comdevice1","ConnectionDeviceGenerationId":"636934198778560378","EnqueuedTime":"2019-05-22T08:50:10.2280000Z","StreamId":null}}
{"t_DeviceID":"comdevice1","t_CO2":581,"t_tVOC":27,"t_pm1_0":13,"t_pm2_5":19,"t_pm10":23,"t_pm1_0MIN":12,"t_pm2_5MIN":19,"t_pm10MIN":23,"t_pm1_0MAX":14,"t_pm2_5MAX":20,"t_pm10MAX":24,"t_tempC":25.389999,"t_humiP":28.59,"t_pressure":99189.03125,"t_latitudeA":0.0,"t_longitudeA":0.0,"EventProcessedUtcTime":"2019-05-22T08:51:10.3068210Z","PartitionId":2,"EventEnqueuedUtcTime":"2019-05-22T08:51:10.2570000Z","IoTHub":{"MessageId":null,"CorrelationId":null,"ConnectionDeviceId":"comdevice1","ConnectionDeviceGenerationId":"636934198778560378","EnqueuedTime":"2019-05-22T08:51:10.2290000Z","StreamId":null}}
{"t_DeviceID":"comdevice1","t_CO2":581,"t_tVOC":27,"t_pm1_0":12,"t_pm2_5":18,"t_pm10":19,"t_pm1_0MIN":12,"t_pm2_5MIN":18,"t_pm10MIN":19,"t_pm1_0MAX":14,"t_pm2_5MAX":20,"t_pm10MAX":20,"t_tempC":25.4,"t_humiP":28.17,"t_pressure":99184.742188,"t_latitudeA":0.0,"t_longitudeA":0.0,"EventProcessedUtcTime":"2019-05-22T08:52:10.3952250Z","PartitionId":2,"EventEnqueuedUtcTime":"2019-05-22T08:52:10.2820000Z","IoTHub":{"MessageId":null,"CorrelationId":null,"ConnectionDeviceId":"comdevice1","ConnectionDeviceGenerationId":"636934198778560378","EnqueuedTime":"2019-05-22T08:52:10.2520000Z","StreamId":null}}
{"t_DeviceID":"comdevice1","t_CO2":1171,"t_tVOC":117,"t_pm1_0":12,"t_pm2_5":18,"t_pm10":19,"t_pm1_0MIN":11,"t_pm2_5MIN":17,"t_pm10MIN":17,"t_pm1_0MAX":13,"t_pm2_5MAX":19,"t_pm10MAX":20,"t_tempC":25.440001,"t_humiP":28.18,"t_pressure":99182.890625,"t_latitudeA":0.0,"t_longitudeA":0.0,"EventProcessedUtcTime":"2019-05-22T08:53:10.3363562Z","PartitionId":2,"EventEnqueuedUtcTime":"2019-05-22T08:53:10.2910000Z","IoTHub":{"MessageId":null,"CorrelationId":null,"ConnectionDeviceId":"comdevice1","ConnectionDeviceGenerationId":"636934198778560378","EnqueuedTime":"2019-05-22T08:53:10.2550000Z","StreamId":null}}
{"t_DeviceID":"comdevice1","t_CO2":646,"t_tVOC":37,"t_pm1_0":12,"t_pm2_5":17,"t_pm10":18,"t_pm1_0MIN":12,"t_pm2_5MIN":17,"t_pm10MIN":18,"t_pm1_0MAX":13,"t_pm2_5MAX":18,"t_pm10MAX":21,"t_tempC":25.48,"t_humiP":28.02,"t_pressure":99186.859375,"t_latitudeA":0.0,"t_longitudeA":0.0,"EventProcessedUtcTime":"2019-05-22T08:54:10.4068839Z","PartitionId":2,"EventEnqueuedUtcTime":"2019-05-22T08:54:10.3060000Z","IoTHub":{"MessageId":null,"CorrelationId":null,"ConnectionDeviceId":"comdevice1","ConnectionDeviceGenerationId":"636934198778560378","EnqueuedTime":"2019-05-22T08:54:10.2840000Z","StreamId":null}}
{"t_DeviceID":"comdevice1","t_CO2":853,"t_tVOC":69,"t_pm1_0":13,"t_pm2_5":19,"t_pm10":30,"t_pm1_0MIN":13,"t_pm2_5MIN":17,"t_pm10MIN":25,"t_pm1_0MAX":14,"t_pm2_5MAX":21,"t_pm10MAX":37,"t_tempC":25.6,"t_humiP":31.200001,"t_pressure":99181.398438,"t_latitudeA":0.0,"t_longitudeA":0.0,"EventProcessedUtcTime":"2019-05-22T08:55:10.2839320Z","PartitionId":2,"EventEnqueuedUtcTime":"2019-05-22T08:55:10.2080000Z","IoTHub":{"MessageId":null,"CorrelationId":null,"ConnectionDeviceId":"comdevice1","ConnectionDeviceGenerationId":"636934198778560378","EnqueuedTime":"2019-05-22T08:55:10.1840000Z","StreamId":null}}
{"t_DeviceID":"comdevice1","t_CO2":785,"t_tVOC":58,"t_pm1_0":12,"t_pm2_5":20,"t_pm10":22,"t_pm1_0MIN":12,"t_pm2_5MIN":20,"t_pm10MIN":21,"t_pm1_0MAX":13,"t_pm2_5MAX":22,"t_pm10MAX":23,"t_tempC":25.59,"t_humiP":30.959999,"t_pressure":99186.125,"t_latitudeA":0.0,"t_longitudeA":0.0,"EventProcessedUtcTime":"2019-05-22T08:56:10.2335751Z","PartitionId":2,"EventEnqueuedUtcTime":"2019-05-22T08:56:10.1380000Z","IoTHub":{"MessageId":null,"CorrelationId":null,"ConnectionDeviceId":"comdevice1","ConnectionDeviceGenerationId":"636934198778560378","EnqueuedTime":"2019-05-22T08:56:10.1030000Z","StreamId":null}}
{"t_DeviceID":"comdevice1","t_CO2":770,"t_tVOC":56,"t_pm1_0":11,"t_pm2_5":16,"t_pm10":19,"t_pm1_0MIN":11,"t_pm2_5MIN":16,"t_pm10MIN":18,"t_pm1_0MAX":12,"t_pm2_5MAX":17,"t_pm10MAX":22,"t_tempC":25.559999,"t_humiP":29.68,"t_pressure":99183.921875,"t_latitudeA":0.0,"t_longitudeA":0.0,"EventProcessedUtcTime":"2019-05-22T08:57:10.4119532Z","PartitionId":2,"EventEnqueuedUtcTime":"2019-05-22T08:57:10.3280000Z","IoTHub":{"MessageId":null,"CorrelationId":null,"ConnectionDeviceId":"comdevice1","ConnectionDeviceGenerationId":"636934198778560378","EnqueuedTime":"2019-05-22T08:57:10.2880000Z","StreamId":null}}
{"t_DeviceID":"comdevice1","t_CO2":905,"t_tVOC":76,"t_pm1_0":12,"t_pm2_5":17,"t_pm10":19,"t_pm1_0MIN":12,"t_pm2_5MIN":17,"t_pm10MIN":18,"t_pm1_0MAX":13,"t_pm2_5MAX":18,"t_pm10MAX":20,"t_tempC":25.540001,"t_humiP":30.040001,"t_pressure":99193.695312,"t_latitudeA":0.0,"t_longitudeA":0.0,"EventProcessedUtcTime":"2019-05-22T08:58:10.3407003Z","PartitionId":2,"EventEnqueuedUtcTime":"2019-05-22T08:58:10.2130000Z","IoTHub":{"MessageId":null,"CorrelationId":null,"ConnectionDeviceId":"comdevice1","ConnectionDeviceGenerationId":"636934198778560378","EnqueuedTime":"2019-05-22T08:58:10.1810000Z","StreamId":null}}
{"t_DeviceID":"comdevice1","t_CO2":761,"t_tVOC":54,"t_pm1_0":11,"t_pm2_5":17,"t_pm10":29,"t_pm1_0MIN":11,"t_pm2_5MIN":17,"t_pm10MIN":27,"t_pm1_0MAX":12,"t_pm2_5MAX":19,"t_pm10MAX":32,"t_tempC":25.59,"t_humiP":29.85,"t_pressure":99179.703125,"t_latitudeA":0.0,"t_longitudeA":0.0,"EventProcessedUtcTime":"2019-05-22T08:59:10.3442182Z","PartitionId":2,"EventEnqueuedUtcTime":"2019-05-22T08:59:10.2630000Z","IoTHub":{"MessageId":null,"CorrelationId":null,"ConnectionDeviceId":"comdevice1","ConnectionDeviceGenerationId":"636934198778560378","EnqueuedTime":"2019-05-22T08:59:10.2270000Z","StreamId":null}}
{"t_DeviceID":"comdevice1","t_CO2":836,"t_tVOC":66,"t_pm1_0":13,"t_pm2_5":17,"t_pm10":19,"t_pm1_0MIN":13,"t_pm2_5MIN":17,"t_pm10MIN":19,"t_pm1_0MAX":14,"t_pm2_5MAX":18,"t_pm10MAX":20,"t_tempC":25.450001,"t_humiP":30.25,"t_pressure":99183.90625,"t_latitudeA":0.0,"t_longitudeA":0.0,"EventProcessedUtcTime":"2019-05-22T09:00:10.3263313Z","PartitionId":2,"EventEnqueuedUtcTime":"2019-05-22T09:00:10.2620000Z","IoTHub":{"MessageId":null,"CorrelationId":null,"ConnectionDeviceId":"comdevice1","ConnectionDeviceGenerationId":"636934198778560378","EnqueuedTime":"2019-05-22T09:00:10.2250000Z","StreamId":null}}
{"t_DeviceID":"comdevice1","t_CO2":806,"t_tVOC":61,"t_pm1_0":13,"t_pm2_5":17,"t_pm10":21,"t_pm1_0MIN":13,"t_pm2_5MIN":17,"t_pm10MIN":20,"t_pm1_0MAX":13,"t_pm2_5MAX":18,"t_pm10MAX":22,"t_tempC":25.33,"t_humiP":29.66,"t_pressure":99185.890625,"t_latitudeA":0.0,"t_longitudeA":0.0,"EventProcessedUtcTime":"2019-05-22T09:01:10.3914177Z","PartitionId":2,"EventEnqueuedUtcTime":"2019-05-22T09:01:10.2900000Z","IoTHub":{"MessageId":null,"CorrelationId":null,"ConnectionDeviceId":"comdevice1","ConnectionDeviceGenerationId":"636934198778560378","EnqueuedTime":"2019-05-22T09:01:10.2490000Z","StreamId":null}}
{"t_DeviceID":"comdevice1","t_CO2":778,"t_tVOC":57,"t_pm1_0":13,"t_pm2_5":18,"t_pm10":19,"t_pm1_0MIN":13,"t_pm2_5MIN":18,"t_pm10MIN":19,"t_pm1_0MAX":14,"t_pm2_5MAX":19,"t_pm10MAX":19,"t_tempC":25.26,"t_humiP":30.690001,"t_pressure":99189.882812,"t_latitudeA":0.0,"t_longitudeA":0.0,"EventProcessedUtcTime":"2019-05-22T09:02:10.3330491Z","PartitionId":2,"EventEnqueuedUtcTime":"2019-05-22T09:02:10.2720000Z","IoTHub":{"MessageId":null,"CorrelationId":null,"ConnectionDeviceId":"comdevice1","ConnectionDeviceGenerationId":"636934198778560378","EnqueuedTime":"2019-05-22T09:02:10.2470000Z","StreamId":null}}
{"t_DeviceID":"comdevice1","t_CO2":1499,"t_tVOC":167,"t_pm1_0":12,"t_pm2_5":16,"t_pm10":32,"t_pm1_0MIN":12,"t_pm2_5MIN":16,"t_pm10MIN":27,"t_pm1_0MAX":13,"t_pm2_5MAX":17,"t_pm10MAX":33,"t_tempC":25.25,"t_humiP":29.940001,"t_pressure":99189.484375,"t_latitudeA":0.0,"t_longitudeA":0.0,"EventProcessedUtcTime":"2019-05-22T09:03:10.1899266Z","PartitionId":2,"EventEnqueuedUtcTime":"2019-05-22T09:03:10.1600000Z","IoTHub":{"MessageId":null,"CorrelationId":null,"ConnectionDeviceId":"comdevice1","ConnectionDeviceGenerationId":"636934198778560378","EnqueuedTime":"2019-05-22T09:03:10.1180000Z","StreamId":null}}
{"t_DeviceID":"comdevice1","t_CO2":865,"t_tVOC":70,"t_pm1_0":14,"t_pm2_5":18,"t_pm10":23,"t_pm1_0MIN":14,"t_pm2_5MIN":18,"t_pm10MIN":23,"t_pm1_0MAX":15,"t_pm2_5MAX":19,"t_pm10MAX":24,"t_tempC":25.139999,"t_humiP":29.540001,"t_pressure":99189.4375,"t_latitudeA":0.0,"t_longitudeA":0.0,"EventProcessedUtcTime":"2019-05-22T09:04:10.4105660Z","PartitionId":2,"EventEnqueuedUtcTime":"2019-05-22T09:04:10.3100000Z","IoTHub":{"MessageId":null,"CorrelationId":null,"ConnectionDeviceId":"comdevice1","ConnectionDeviceGenerationId":"636934198778560378","EnqueuedTime":"2019-05-22T09:04:10.2810000Z","StreamId":null}}
{"t_DeviceID":"comdevice1","t_CO2":806,"t_tVOC":61,"t_pm1_0":14,"t_pm2_5":18,"t_pm10":24,"t_pm1_0MIN":14,"t_pm2_5MIN":18,"t_pm10MIN":23,"t_pm1_0MAX":14,"t_pm2_5MAX":19,"t_pm10MAX":26,"t_tempC":25.1,"t_humiP":29.17,"t_pressure":99193.976562,"t_latitudeA":0.0,"t_longitudeA":0.0,"EventProcessedUtcTime":"2019-05-22T09:05:10.4220814Z","PartitionId":2,"EventEnqueuedUtcTime":"2019-05-22T09:05:10.3070000Z","IoTHub":{"MessageId":null,"CorrelationId":null,"ConnectionDeviceId":"comdevice1","ConnectionDeviceGenerationId":"636934198778560378","EnqueuedTime":"2019-05-22T09:05:10.2800000Z","StreamId":null}}
{"t_DeviceID":"comdevice1","t_CO2":715,"t_tVOC":47,"t_pm1_0":14,"t_pm2_5":21,"t_pm10":31,"t_pm1_0MIN":14,"t_pm2_5MIN":21,"t_pm10MIN":30,"t_pm1_0MAX":15,"t_pm2_5MAX":22,"t_pm10MAX":34,"t_tempC":25.139999,"t_humiP":29.450001,"t_pressure":99185.5625,"t_latitudeA":0.0,"t_longitudeA":0.0,"EventProcessedUtcTime":"2019-05-22T09:06:10.2346123Z","PartitionId":2,"EventEnqueuedUtcTime":"2019-05-22T09:06:10.1260000Z","IoTHub":{"MessageId":null,"CorrelationId":null,"ConnectionDeviceId":"comdevice1","ConnectionDeviceGenerationId":"636934198778560378","EnqueuedTime":"2019-05-22T09:06:10.0930000Z","StreamId":null}}
{"t_DeviceID":"comdevice1","t_CO2":836,"t_tVOC":66,"t_pm1_0":11,"t_pm2_5":18,"t_pm10":23,"t_pm1_0MIN":11,"t_pm2_5MIN":18,"t_pm10MIN":23,"t_pm1_0MAX":12,"t_pm2_5MAX":19,"t_pm10MAX":25,"t_tempC":25.030001,"t_humiP":29.09,"t_pressure":99186.921875,"t_latitudeA":0.0,"t_longitudeA":0.0,"EventProcessedUtcTime":"2019-05-22T09:07:10.2639697Z","PartitionId":2,"EventEnqueuedUtcTime":"2019-05-22T09:07:10.2330000Z","IoTHub":{"MessageId":null,"CorrelationId":null,"ConnectionDeviceId":"comdevice1","ConnectionDeviceGenerationId":"636934198778560378","EnqueuedTime":"2019-05-22T09:07:10.1960000Z","StreamId":null}}
{"t_DeviceID":"comdevice1","t_CO2":798,"t_tVOC":60,"t_pm1_0":12,"t_pm2_5":18,"t_pm10":26,"t_pm1_0MIN":12,"t_pm2_5MIN":17,"t_pm10MIN":25,"t_pm1_0MAX":13,"t_pm2_5MAX":19,"t_pm10MAX":28,"t_tempC":24.18,"t_humiP":30.360001,"t_pressure":99203.53125,"t_latitudeA":0.0,"t_longitudeA":0.0,"EventProcessedUtcTime":"2019-05-22T09:08:10.2211855Z","PartitionId":2,"EventEnqueuedUtcTime":"2019-05-22T09:08:10.1610000Z","IoTHub":{"MessageId":null,"CorrelationId":null,"ConnectionDeviceId":"comdevice1","ConnectionDeviceGenerationId":"636934198778560378","EnqueuedTime":"2019-05-22T09:08:10.1240000Z","StreamId":null}}
{"t_DeviceID":"comdevice1","t_CO2":1345,"t_tVOC":143,"t_pm1_0":13,"t_pm2_5":20,"t_pm10":20,"t_pm1_0MIN":13,"t_pm2_5MIN":20,"t_pm10MIN":20,"t_pm1_0MAX":13,"t_pm2_5MAX":21,"t_pm10MAX":22,"t_tempC":24.450001,"t_humiP":33.66,"t_pressure":99182.882812,"t_latitudeA":0.0,"t_longitudeA":0.0,"EventProcessedUtcTime":"2019-05-22T09:09:10.3969371Z","PartitionId":2,"EventEnqueuedUtcTime":"2019-05-22T09:09:10.3600000Z","IoTHub":{"MessageId":null,"CorrelationId":null,"ConnectionDeviceId":"comdevice1","ConnectionDeviceGenerationId":"636934198778560378","EnqueuedTime":"2019-05-22T09:09:10.3290000Z","StreamId":null}}
{"t_DeviceID":"comdevice1","t_CO2":798,"t_tVOC":60,"t_pm1_0":13,"t_pm2_5":19,"t_pm10":22,"t_pm1_0MIN":13,"t_pm2_5MIN":19,"t_pm10MIN":20,"t_pm1_0MAX":14,"t_pm2_5MAX":20,"t_pm10MAX":22,"t_tempC":24.9,"t_humiP":29.17,"t_pressure":99184.085938,"t_latitudeA":0.0,"t_longitudeA":0.0,"EventProcessedUtcTime":"2019-05-22T09:10:10.1990778Z","PartitionId":2,"EventEnqueuedUtcTime":"2019-05-22T09:10:10.1750000Z","IoTHub":{"MessageId":null,"CorrelationId":null,"ConnectionDeviceId":"comdevice1","ConnectionDeviceGenerationId":"636934198778560378","EnqueuedTime":"2019-05-22T09:10:10.1400000Z","StreamId":null}}
{"t_DeviceID":"comdevice1","t_CO2":426,"t_tVOC":3,"t_pm1_0":16,"t_pm2_5":25,"t_pm10":27,"t_pm1_0MIN":15,"t_pm2_5MIN":23,"t_pm10MIN":26,"t_pm1_0MAX":17,"t_pm2_5MAX":27,"t_pm10MAX":30,"t_tempC":24.6,"t_humiP":24.969999,"t_pressure":99234.640625,"t_latitudeA":0.0,"t_longitudeA":0.0,"EventProcessedUtcTime":"2019-05-22T09:11:10.1270623Z","PartitionId":2,"EventEnqueuedUtcTime":"2019-05-22T09:11:10.0910000Z","IoTHub":{"MessageId":null,"CorrelationId":null,"ConnectionDeviceId":"comdevice1","ConnectionDeviceGenerationId":"636934198778560378","EnqueuedTime":"2019-05-22T09:11:10.0530000Z","StreamId":null}}
{"t_DeviceID":"comdevice1","t_CO2":459,"t_tVOC":8,"t_pm1_0":16,"t_pm2_5":21,"t_pm10":35,"t_pm1_0MIN":16,"t_pm2_5MIN":21,"t_pm10MIN":34,"t_pm1_0MAX":17,"t_pm2_5MAX":23,"t_pm10MAX":39,"t_tempC":24.75,"t_humiP":24.73,"t_pressure":99373.0625,"t_latitudeA":0.0,"t_longitudeA":0.0,"EventProcessedUtcTime":"2019-05-22T09:12:10.1578373Z","PartitionId":2,"EventEnqueuedUtcTime":"2019-05-22T09:12:10.0880000Z","IoTHub":{"MessageId":null,"CorrelationId":null,"ConnectionDeviceId":"comdevice1","ConnectionDeviceGenerationId":"636934198778560378","EnqueuedTime":"2019-05-22T09:12:10.0550000Z","StreamId":null}}
{"t_DeviceID":"comdevice1","t_CO2":618,"t_tVOC":33,"t_pm1_0":13,"t_pm2_5":21,"t_pm10":26,"t_pm1_0MIN":13,"t_pm2_5MIN":21,"t_pm10MIN":26,"t_pm1_0MAX":14,"t_pm2_5MAX":22,"t_pm10MAX":28,"t_tempC":24.33,"t_humiP":26.52,"t_pressure":99489.921875,"t_latitudeA":0.0,"t_longitudeA":0.0,"EventProcessedUtcTime":"2019-05-22T09:13:10.1555031Z","PartitionId":2,"EventEnqueuedUtcTime":"2019-05-22T09:13:10.1020000Z","IoTHub":{"MessageId":null,"CorrelationId":null,"ConnectionDeviceId":"comdevice1","ConnectionDeviceGenerationId":"636934198778560378","EnqueuedTime":"2019-05-22T09:13:10.0680000Z","StreamId":null}}
{"t_DeviceID":"comdevice1","t_CO2":420,"t_tVOC":3,"t_pm1_0":15,"t_pm2_5":21,"t_pm10":26,"t_pm1_0MIN":15,"t_pm2_5MIN":20,"t_pm10MIN":25,"t_pm1_0MAX":16,"t_pm2_5MAX":22,"t_pm10MAX":27,"t_tempC":23.9,"t_humiP":28.16,"t_pressure":99519.75,"t_latitudeA":0.0,"t_longitudeA":0.0,"EventProcessedUtcTime":"2019-05-22T09:14:10.2202825Z","PartitionId":2,"EventEnqueuedUtcTime":"2019-05-22T09:14:10.1230000Z","IoTHub":{"MessageId":null,"CorrelationId":null,"ConnectionDeviceId":"comdevice1","ConnectionDeviceGenerationId":"636934198778560378","EnqueuedTime":"2019-05-22T09:14:10.0900000Z","StreamId":null}}
{"t_DeviceID":"comdevice1","t_CO2":4348,"t_tVOC":601,"t_pm1_0":14,"t_pm2_5":21,"t_pm10":22,"t_pm1_0MIN":14,"t_pm2_5MIN":21,"t_pm10MIN":22,"t_pm1_0MAX":15,"t_pm2_5MAX":22,"t_pm10MAX":23,"t_tempC":24.200001,"t_humiP":36.18,"t_pressure":99512.109375,"t_latitudeA":0.0,"t_longitudeA":0.0,"EventProcessedUtcTime":"2019-05-22T09:15:10.1738446Z","PartitionId":2,"EventEnqueuedUtcTime":"2019-05-22T09:15:10.1390000Z","IoTHub":{"MessageId":null,"CorrelationId":null,"ConnectionDeviceId":"comdevice1","ConnectionDeviceGenerationId":"636934198778560378","EnqueuedTime":"2019-05-22T09:15:10.0990000Z","StreamId":null}}
{"t_DeviceID":"comdevice1","t_CO2":5237,"t_tVOC":736,"t_pm1_0":14,"t_pm2_5":20,"t_pm10":33,"t_pm1_0MIN":14,"t_pm2_5MIN":20,"t_pm10MIN":32,"t_pm1_0MAX":16,"t_pm2_5MAX":21,"t_pm10MAX":36,"t_tempC":24.450001,"t_humiP":34.23,"t_pressure":99505.609375,"t_latitudeA":0.0,"t_longitudeA":0.0,"EventProcessedUtcTime":"2019-05-22T09:16:10.1702288Z","PartitionId":2,"EventEnqueuedUtcTime":"2019-05-22T09:16:10.1100000Z","IoTHub":{"MessageId":null,"CorrelationId":null,"ConnectionDeviceId":"comdevice1","ConnectionDeviceGenerationId":"636934198778560378","EnqueuedTime":"2019-05-22T09:16:10.0740000Z","StreamId":null}}
{"t_DeviceID":"comdevice1","t_CO2":4202,"t_tVOC":579,"t_pm1_0":14,"t_pm2_5":19,"t_pm10":31,"t_pm1_0MIN":13,"t_pm2_5MIN":19,"t_pm10MIN":30,"t_pm1_0MAX":14,"t_pm2_5MAX":22,"t_pm10MAX":32,"t_tempC":24.68,"t_humiP":32.779999,"t_pressure":99906.65625,"t_latitudeA":0.0,"t_longitudeA":0.0,"EventProcessedUtcTime":"2019-05-22T09:17:10.2198510Z","PartitionId":2,"EventEnqueuedUtcTime":"2019-05-22T09:17:10.1680000Z","IoTHub":{"MessageId":null,"CorrelationId":null,"ConnectionDeviceId":"comdevice1","ConnectionDeviceGenerationId":"636934198778560378","EnqueuedTime":"2019-05-22T09:17:10.1190000Z","StreamId":null}}
{"t_DeviceID":"comdevice1","t_CO2":2537,"t_tVOC":325,"t_pm1_0":15,"t_pm2_5":21,"t_pm10":35,"t_pm1_0MIN":14,"t_pm2_5MIN":20,"t_pm10MIN":33,"t_pm1_0MAX":16,"t_pm2_5MAX":22,"t_pm10MAX":37,"t_tempC":24.9,"t_humiP":30.0,"t_pressure":100319.40625,"t_latitudeA":0.0,"t_longitudeA":0.0,"EventProcessedUtcTime":"2019-05-22T09:18:10.2077896Z","PartitionId":2,"EventEnqueuedUtcTime":"2019-05-22T09:18:10.1670000Z","IoTHub":{"MessageId":null,"CorrelationId":null,"ConnectionDeviceId":"comdevice1","ConnectionDeviceGenerationId":"636934198778560378","EnqueuedTime":"2019-05-22T09:18:10.1260000Z","StreamId":null}}
{"t_DeviceID":"comdevice1","t_CO2":2611,"t_tVOC":336,"t_pm1_0":14,"t_pm2_5":20,"t_pm10":30,"t_pm1_0MIN":14,"t_pm2_5MIN":20,"t_pm10MIN":29,"t_pm1_0MAX":15,"t_pm2_5MAX":22,"t_pm10MAX":33,"t_tempC":25.049999,"t_humiP":28.719999,"t_pressure":100314.445312,"t_latitudeA":0.0,"t_longitudeA":0.0,"EventProcessedUtcTime":"2019-05-22T09:19:10.2173857Z","PartitionId":2,"EventEnqueuedUtcTime":"2019-05-22T09:19:10.1900000Z","IoTHub":{"MessageId":null,"CorrelationId":null,"ConnectionDeviceId":"comdevice1","ConnectionDeviceGenerationId":"636934198778560378","EnqueuedTime":"2019-05-22T09:19:10.1600000Z","StreamId":null}}
{"t_DeviceID":"comdevice1","t_CO2":2937,"t_tVOC":386,"t_pm1_0":14,"t_pm2_5":19,"t_pm10":20,"t_pm1_0MIN":13,"t_pm2_5MIN":18,"t_pm10MIN":19,"t_pm1_0MAX":14,"t_pm2_5MAX":20,"t_pm10MAX":21,"t_tempC":25.24,"t_humiP":28.82,"t_pressure":100209.734375,"t_latitudeA":0.0,"t_longitudeA":0.0,"EventProcessedUtcTime":"2019-05-22T09:20:10.2056086Z","PartitionId":2,"EventEnqueuedUtcTime":"2019-05-22T09:20:10.1000000Z","IoTHub":{"MessageId":null,"CorrelationId":null,"ConnectionDeviceId":"comdevice1","ConnectionDeviceGenerationId":"636934198778560378","EnqueuedTime":"2019-05-22T09:20:10.0690000Z","StreamId":null}}
{"t_DeviceID":"comdevice1","t_CO2":3032,"t_tVOC":400,"t_pm1_0":12,"t_pm2_5":18,"t_pm10":22,"t_pm1_0MIN":12,"t_pm2_5MIN":18,"t_pm10MIN":22,"t_pm1_0MAX":13,"t_pm2_5MAX":19,"t_pm10MAX":23,"t_tempC":25.370001,"t_humiP":28.780001,"t_pressure":99998.59375,"t_latitudeA":0.0,"t_longitudeA":0.0,"EventProcessedUtcTime":"2019-05-22T09:21:10.1371443Z","PartitionId":2,"EventEnqueuedUtcTime":"2019-05-22T09:21:10.1130000Z","IoTHub":{"MessageId":null,"CorrelationId":null,"ConnectionDeviceId":"comdevice1","ConnectionDeviceGenerationId":"636934198778560378","EnqueuedTime":"2019-05-22T09:21:10.0800000Z","StreamId":null}}
{"t_DeviceID":"comdevice1","t_CO2":3296,"t_tVOC":441,"t_pm1_0":14,"t_pm2_5":22,"t_pm10":29,"t_pm1_0MIN":14,"t_pm2_5MIN":21,"t_pm10MIN":29,"t_pm1_0MAX":15,"t_pm2_5MAX":23,"t_pm10MAX":31,"t_tempC":25.48,"t_humiP":29.120001,"t_pressure":100155.640625,"t_latitudeA":0.0,"t_longitudeA":0.0,"EventProcessedUtcTime":"2019-05-22T09:22:10.2118555Z","PartitionId":2,"EventEnqueuedUtcTime":"2019-05-22T09:22:10.1220000Z","IoTHub":{"MessageId":null,"CorrelationId":null,"ConnectionDeviceId":"comdevice1","ConnectionDeviceGenerationId":"636934198778560378","EnqueuedTime":"2019-05-22T09:22:10.0960000Z","StreamId":null}}
{"t_DeviceID":"comdevice1","t_CO2":3365,"t_tVOC":451,"t_pm1_0":12,"t_pm2_5":18,"t_pm10":27,"t_pm1_0MIN":12,"t_pm2_5MIN":17,"t_pm10MIN":23,"t_pm1_0MAX":13,"t_pm2_5MAX":19,"t_pm10MAX":31,"t_tempC":25.57,"t_humiP":27.360001,"t_pressure":100204.0625,"t_latitudeA":0.0,"t_longitudeA":0.0,"EventProcessedUtcTime":"2019-05-22T09:23:10.3236788Z","PartitionId":2,"EventEnqueuedUtcTime":"2019-05-22T09:23:10.2360000Z","IoTHub":{"MessageId":null,"CorrelationId":null,"ConnectionDeviceId":"comdevice1","ConnectionDeviceGenerationId":"636934198778560378","EnqueuedTime":"2019-05-22T09:23:10.1880000Z","StreamId":null}}
{"t_DeviceID":"comdevice1","t_CO2":2537,"t_tVOC":325,"t_pm1_0":12,"t_pm2_5":16,"t_pm10":29,"t_pm1_0MIN":12,"t_pm2_5MIN":15,"t_pm10MIN":28,"t_pm1_0MAX":13,"t_pm2_5MAX":17,"t_pm10MAX":30,"t_tempC":25.66,"t_humiP":25.809999,"t_pressure":100247.078125,"t_latitudeA":0.0,"t_longitudeA":0.0,"EventProcessedUtcTime":"2019-05-22T09:24:10.2152659Z","PartitionId":2,"EventEnqueuedUtcTime":"2019-05-22T09:24:10.1500000Z","IoTHub":{"MessageId":null,"CorrelationId":null,"ConnectionDeviceId":"comdevice1","ConnectionDeviceGenerationId":"636934198778560378","EnqueuedTime":"2019-05-22T09:24:10.1040000Z","StreamId":null}}
{"t_DeviceID":"comdevice1","t_CO2":5658,"t_tVOC":801,"t_pm1_0":12,"t_pm2_5":18,"t_pm10":29,"t_pm1_0MIN":12,"t_pm2_5MIN":16,"t_pm10MIN":26,"t_pm1_0MAX":12,"t_pm2_5MAX":20,"t_pm10MAX":31,"t_tempC":25.73,"t_humiP":31.450001,"t_pressure":100218.929688,"t_latitudeA":0.0,"t_longitudeA":0.0,"EventProcessedUtcTime":"2019-05-22T09:25:10.2275157Z","PartitionId":2,"EventEnqueuedUtcTime":"2019-05-22T09:25:10.1860000Z","IoTHub":{"MessageId":null,"CorrelationId":null,"ConnectionDeviceId":"comdevice1","ConnectionDeviceGenerationId":"636934198778560378","EnqueuedTime":"2019-05-22T09:25:10.1510000Z","StreamId":null}}
{"t_DeviceID":"comdevice1","t_CO2":5056,"t_tVOC":709,"t_pm1_0":14,"t_pm2_5":19,"t_pm10":21,"t_pm1_0MIN":14,"t_pm2_5MIN":19,"t_pm10MIN":21,"t_pm1_0MAX":14,"t_pm2_5MAX":20,"t_pm10MAX":22,"t_tempC":25.84,"t_humiP":33.110001,"t_pressure":100162.234375,"t_latitudeA":0.0,"t_longitudeA":0.0,"EventProcessedUtcTime":"2019-05-22T09:26:10.2803852Z","PartitionId":2,"EventEnqueuedUtcTime":"2019-05-22T09:26:10.1960000Z","IoTHub":{"MessageId":null,"CorrelationId":null,"ConnectionDeviceId":"comdevice1","ConnectionDeviceGenerationId":"636934198778560378","EnqueuedTime":"2019-05-22T09:26:10.1590000Z","StreamId":null}}
{"t_DeviceID":"comdevice1","t_CO2":6473,"t_tVOC":925,"t_pm1_0":13,"t_pm2_5":18,"t_pm10":18,"t_pm1_0MIN":13,"t_pm2_5MIN":18,"t_pm10MIN":18,"t_pm1_0MAX":14,"t_pm2_5MAX":19,"t_pm10MAX":19,"t_tempC":25.84,"t_humiP":37.459999,"t_pressure":100212.617188,"t_latitudeA":0.0,"t_longitudeA":0.0,"EventProcessedUtcTime":"2019-05-22T09:27:10.2483865Z","PartitionId":2,"EventEnqueuedUtcTime":"2019-05-22T09:27:10.1960000Z","IoTHub":{"MessageId":null,"CorrelationId":null,"ConnectionDeviceId":"comdevice1","ConnectionDeviceGenerationId":"636934198778560378","EnqueuedTime":"2019-05-22T09:27:10.1650000Z","StreamId":null}}
{"t_DeviceID":"comdevice1","t_CO2":6243,"t_tVOC":890,"t_pm1_0":13,"t_pm2_5":21,"t_pm10":21,"t_pm1_0MIN":13,"t_pm2_5MIN":21,"t_pm10MIN":21,"t_pm1_0MAX":14,"t_pm2_5MAX":22,"t_pm10MAX":22,"t_tempC":25.959999,"t_humiP":40.029999,"t_pressure":100188.6875,"t_latitudeA":0.0,"t_longitudeA":0.0,"EventProcessedUtcTime":"2019-05-22T09:28:10.2611018Z","PartitionId":2,"EventEnqueuedUtcTime":"2019-05-22T09:28:10.1160000Z","IoTHub":{"MessageId":null,"CorrelationId":null,"ConnectionDeviceId":"comdevice1","ConnectionDeviceGenerationId":"636934198778560378","EnqueuedTime":"2019-05-22T09:28:10.0800000Z","StreamId":null}}
{"t_DeviceID":"comdevice1","t_CO2":5767,"t_tVOC":817,"t_pm1_0":13,"t_pm2_5":17,"t_pm10":21,"t_pm1_0MIN":13,"t_pm2_5MIN":17,"t_pm10MIN":21,"t_pm1_0MAX":14,"t_pm2_5MAX":18,"t_pm10MAX":23,"t_tempC":26.07,"t_humiP":41.650002,"t_pressure":100037.726562,"t_latitudeA":0.0,"t_longitudeA":0.0,"EventProcessedUtcTime":"2019-05-22T09:29:10.1669774Z","PartitionId":2,"EventEnqueuedUtcTime":"2019-05-22T09:29:10.1290000Z","IoTHub":{"MessageId":null,"CorrelationId":null,"ConnectionDeviceId":"comdevice1","ConnectionDeviceGenerationId":"636934198778560378","EnqueuedTime":"2019-05-22T09:29:10.0880000Z","StreamId":null}}
{"t_DeviceID":"comdevice1","t_CO2":5890,"t_tVOC":836,"t_pm1_0":13,"t_pm2_5":20,"t_pm10":21,"t_pm1_0MIN":13,"t_pm2_5MIN":19,"t_pm10MIN":21,"t_pm1_0MAX":13,"t_pm2_5MAX":21,"t_pm10MAX":22,"t_tempC":26.129999,"t_humiP":43.75,"t_pressure":100093.84375,"t_latitudeA":0.0,"t_longitudeA":0.0,"EventProcessedUtcTime":"2019-05-22T09:30:10.3753327Z","PartitionId":2,"EventEnqueuedUtcTime":"2019-05-22T09:30:10.2530000Z","IoTHub":{"MessageId":null,"CorrelationId":null,"ConnectionDeviceId":"comdevice1","ConnectionDeviceGenerationId":"636934198778560378","EnqueuedTime":"2019-05-22T09:30:10.2170000Z","StreamId":null}}
{"t_DeviceID":"comdevice1","t_CO2":7215,"t_tVOC":1038,"t_pm1_0":12,"t_pm2_5":17,"t_pm10":19,"t_pm1_0MIN":12,"t_pm2_5MIN":17,"t_pm10MIN":19,"t_pm1_0MAX":13,"t_pm2_5MAX":18,"t_pm10MAX":20,"t_tempC":26.34,"t_humiP":44.41,"t_pressure":100206.789062,"t_latitudeA":0.0,"t_longitudeA":0.0,"EventProcessedUtcTime":"2019-05-22T09:31:10.3206579Z","PartitionId":2,"EventEnqueuedUtcTime":"2019-05-22T09:31:10.2000000Z","IoTHub":{"MessageId":null,"CorrelationId":null,"ConnectionDeviceId":"comdevice1","ConnectionDeviceGenerationId":"636934198778560378","EnqueuedTime":"2019-05-22T09:31:10.1610000Z","StreamId":null}}
{"t_DeviceID":"comdevice1","t_CO2":6436,"t_tVOC":919,"t_pm1_0":13,"t_pm2_5":20,"t_pm10":22,"t_pm1_0MIN":13,"t_pm2_5MIN":19,"t_pm10MIN":22,"t_pm1_0MAX":14,"t_pm2_5MAX":21,"t_pm10MAX":23,"t_tempC":26.59,"t_humiP":44.439999,"t_pressure":100229.75,"t_latitudeA":0.0,"t_longitudeA":0.0,"EventProcessedUtcTime":"2019-05-22T09:32:10.2571791Z","PartitionId":2,"EventEnqueuedUtcTime":"2019-05-22T09:32:10.2010000Z","IoTHub":{"MessageId":null,"CorrelationId":null,"ConnectionDeviceId":"comdevice1","ConnectionDeviceGenerationId":"636934198778560378","EnqueuedTime":"2019-05-22T09:32:10.1680000Z","StreamId":null}}
{"t_DeviceID":"comdevice1","t_CO2":5202,"t_tVOC":731,"t_pm1_0":15,"t_pm2_5":20,"t_pm10":21,"t_pm1_0MIN":15,"t_pm2_5MIN":20,"t_pm10MIN":20,"t_pm1_0MAX":15,"t_pm2_5MAX":22,"t_pm10MAX":23,"t_tempC":26.799999,"t_humiP":43.209999,"t_pressure":100253.984375,"t_latitudeA":0.0,"t_longitudeA":0.0,"EventProcessedUtcTime":"2019-05-22T09:33:10.2401910Z","PartitionId":2,"EventEnqueuedUtcTime":"2019-05-22T09:33:10.1230000Z","IoTHub":{"MessageId":null,"CorrelationId":null,"ConnectionDeviceId":"comdevice1","ConnectionDeviceGenerationId":"636934198778560378","EnqueuedTime":"2019-05-22T09:33:10.0770000Z","StreamId":null}}
{"t_DeviceID":"comdevice1","t_CO2":4044,"t_tVOC":555,"t_pm1_0":15,"t_pm2_5":23,"t_pm10":38,"t_pm1_0MIN":15,"t_pm2_5MIN":22,"t_pm10MIN":35,"t_pm1_0MAX":17,"t_pm2_5MAX":24,"t_pm10MAX":40,"t_tempC":26.950001,"t_humiP":37.98,"t_pressure":100268.53125,"t_latitudeA":0.0,"t_longitudeA":0.0,"EventProcessedUtcTime":"2019-05-22T09:34:10.1907856Z","PartitionId":2,"EventEnqueuedUtcTime":"2019-05-22T09:34:10.1230000Z","IoTHub":{"MessageId":null,"CorrelationId":null,"ConnectionDeviceId":"comdevice1","ConnectionDeviceGenerationId":"636934198778560378","EnqueuedTime":"2019-05-22T09:34:10.0970000Z","StreamId":null}}
{"t_DeviceID":"comdevice1","t_CO2":3919,"t_tVOC":536,"t_pm1_0":15,"t_pm2_5":20,"t_pm10":26,"t_pm1_0MIN":15,"t_pm2_5MIN":20,"t_pm10MIN":24,"t_pm1_0MAX":16,"t_pm2_5MAX":21,"t_pm10MAX":26,"t_tempC":26.99,"t_humiP":34.57,"t_pressure":100280.828125,"t_latitudeA":0.0,"t_longitudeA":0.0,"EventProcessedUtcTime":"2019-05-22T09:35:10.2163431Z","PartitionId":2,"EventEnqueuedUtcTime":"2019-05-22T09:35:10.1480000Z","IoTHub":{"MessageId":null,"CorrelationId":null,"ConnectionDeviceId":"comdevice1","ConnectionDeviceGenerationId":"636934198778560378","EnqueuedTime":"2019-05-22T09:35:10.1060000Z","StreamId":null}}
{"t_DeviceID":"comdevice1","t_CO2":3512,"t_tVOC":474,"t_pm1_0":15,"t_pm2_5":21,"t_pm10":25,"t_pm1_0MIN":15,"t_pm2_5MIN":21,"t_pm10MIN":25,"t_pm1_0MAX":16,"t_pm2_5MAX":22,"t_pm10MAX":26,"t_tempC":26.82,"t_humiP":30.610001,"t_pressure":100338.828125,"t_latitudeA":0.0,"t_longitudeA":0.0,"EventProcessedUtcTime":"2019-05-22T09:36:10.3912519Z","PartitionId":2,"EventEnqueuedUtcTime":"2019-05-22T09:36:10.2540000Z","IoTHub":{"MessageId":null,"CorrelationId":null,"ConnectionDeviceId":"comdevice1","ConnectionDeviceGenerationId":"636934198778560378","EnqueuedTime":"2019-05-22T09:36:10.2080000Z","StreamId":null}}
{"t_DeviceID":"comdevice1","t_CO2":3566,"t_tVOC":482,"t_pm1_0":16,"t_pm2_5":22,"t_pm10":36,"t_pm1_0MIN":16,"t_pm2_5MIN":22,"t_pm10MIN":32,"t_pm1_0MAX":17,"t_pm2_5MAX":25,"t_pm10MAX":39,"t_tempC":26.58,"t_humiP":30.290001,"t_pressure":100342.882812,"t_latitudeA":0.0,"t_longitudeA":0.0,"EventProcessedUtcTime":"2019-05-22T09:37:10.2970228Z","PartitionId":2,"EventEnqueuedUtcTime":"2019-05-22T09:37:10.2560000Z","IoTHub":{"MessageId":null,"CorrelationId":null,"ConnectionDeviceId":"comdevice1","ConnectionDeviceGenerationId":"636934198778560378","EnqueuedTime":"2019-05-22T09:37:10.2230000Z","StreamId":null}}
{"t_DeviceID":"comdevice1","t_CO2":3995,"t_tVOC":547,"t_pm1_0":13,"t_pm2_5":20,"t_pm10":31,"t_pm1_0MIN":13,"t_pm2_5MIN":20,"t_pm10MIN":30,"t_pm1_0MAX":15,"t_pm2_5MAX":22,"t_pm10MAX":34,"t_tempC":26.65,"t_humiP":32.049999,"t_pressure":100378.40625,"t_latitudeA":0.0,"t_longitudeA":0.0,"EventProcessedUtcTime":"2019-05-22T09:38:10.2405033Z","PartitionId":2,"EventEnqueuedUtcTime":"2019-05-22T09:38:10.1950000Z","IoTHub":{"MessageId":null,"CorrelationId":null,"ConnectionDeviceId":"comdevice1","ConnectionDeviceGenerationId":"636934198778560378","EnqueuedTime":"2019-05-22T09:38:10.1540000Z","StreamId":null}}
{"t_DeviceID":"comdevice1","t_CO2":3681,"t_tVOC":499,"t_pm1_0":14,"t_pm2_5":18,"t_pm10":20,"t_pm1_0MIN":13,"t_pm2_5MIN":18,"t_pm10MIN":19,"t_pm1_0MAX":14,"t_pm2_5MAX":19,"t_pm10MAX":21,"t_tempC":26.559999,"t_humiP":29.73,"t_pressure":100471.109375,"t_latitudeA":0.0,"t_longitudeA":0.0,"EventProcessedUtcTime":"2019-05-22T09:39:10.3768294Z","PartitionId":2,"EventEnqueuedUtcTime":"2019-05-22T09:39:10.3020000Z","IoTHub":{"MessageId":null,"CorrelationId":null,"ConnectionDeviceId":"comdevice1","ConnectionDeviceGenerationId":"636934198778560378","EnqueuedTime":"2019-05-22T09:39:10.2670000Z","StreamId":null}}
{"t_DeviceID":"comdevice1","t_CO2":3302,"t_tVOC":442,"t_pm1_0":16,"t_pm2_5":25,"t_pm10":29,"t_pm1_0MIN":15,"t_pm2_5MIN":23,"t_pm10MIN":27,"t_pm1_0MAX":18,"t_pm2_5MAX":27,"t_pm10MAX":31,"t_tempC":26.389999,"t_humiP":27.66,"t_pressure":100555.054688,"t_latitudeA":0.0,"t_longitudeA":0.0,"EventProcessedUtcTime":"2019-05-22T09:40:10.1543236Z","PartitionId":2,"EventEnqueuedUtcTime":"2019-05-22T09:40:10.1060000Z","IoTHub":{"MessageId":null,"CorrelationId":null,"ConnectionDeviceId":"comdevice1","ConnectionDeviceGenerationId":"636934198778560378","EnqueuedTime":"2019-05-22T09:40:10.0750000Z","StreamId":null}}
{"t_DeviceID":"comdevice1","t_CO2":4044,"t_tVOC":555,"t_pm1_0":17,"t_pm2_5":23,"t_pm10":34,"t_pm1_0MIN":15,"t_pm2_5MIN":21,"t_pm10MIN":32,"t_pm1_0MAX":18,"t_pm2_5MAX":25,"t_pm10MAX":36,"t_tempC":26.299999,"t_humiP":29.33,"t_pressure":100551.21875,"t_latitudeA":0.0,"t_longitudeA":0.0,"EventProcessedUtcTime":"2019-05-22T09:41:10.2003081Z","PartitionId":2,"EventEnqueuedUtcTime":"2019-05-22T09:41:10.1310000Z","IoTHub":{"MessageId":null,"CorrelationId":null,"ConnectionDeviceId":"comdevice1","ConnectionDeviceGenerationId":"636934198778560378","EnqueuedTime":"2019-05-22T09:41:10.0970000Z","StreamId":null}}
{"t_DeviceID":"comdevice1","t_CO2":3632,"t_tVOC":492,"t_pm1_0":15,"t_pm2_5":22,"t_pm10":28,"t_pm1_0MIN":14,"t_pm2_5MIN":22,"t_pm10MIN":25,"t_pm1_0MAX":16,"t_pm2_5MAX":23,"t_pm10MAX":32,"t_tempC":26.16,"t_humiP":27.450001,"t_pressure":100562.78125,"t_latitudeA":0.0,"t_longitudeA":0.0,"EventProcessedUtcTime":"2019-05-22T09:42:10.1657538Z","PartitionId":2,"EventEnqueuedUtcTime":"2019-05-22T09:42:10.1350000Z","IoTHub":{"MessageId":null,"CorrelationId":null,"ConnectionDeviceId":"comdevice1","ConnectionDeviceGenerationId":"636934198778560378","EnqueuedTime":"2019-05-22T09:42:10.0970000Z","StreamId":null}}
{"t_DeviceID":"comdevice1","t_CO2":4600,"t_tVOC":639,"t_pm1_0":14,"t_pm2_5":22,"t_pm10":36,"t_pm1_0MIN":14,"t_pm2_5MIN":22,"t_pm10MIN":33,"t_pm1_0MAX":15,"t_pm2_5MAX":23,"t_pm10MAX":38,"t_tempC":26.24,"t_humiP":30.620001,"t_pressure":100578.1875,"t_latitudeA":0.0,"t_longitudeA":0.0,"EventProcessedUtcTime":"2019-05-22T09:43:10.2761483Z","PartitionId":2,"EventEnqueuedUtcTime":"2019-05-22T09:43:10.1760000Z","IoTHub":{"MessageId":null,"CorrelationId":null,"ConnectionDeviceId":"comdevice1","ConnectionDeviceGenerationId":"636934198778560378","EnqueuedTime":"2019-05-22T09:43:10.1310000Z","StreamId":null}}
{"t_DeviceID":"comdevice1","t_CO2":3234,"t_tVOC":431,"t_pm1_0":41,"t_pm2_5":57,"t_pm10":64,"t_pm1_0MIN":39,"t_pm2_5MIN":54,"t_pm10MIN":61,"t_pm1_0MAX":44,"t_pm2_5MAX":59,"t_pm10MAX":68,"t_tempC":26.23,"t_humiP":35.27,"t_pressure":100665.3125,"t_latitudeA":0.0,"t_longitudeA":0.0,"EventProcessedUtcTime":"2019-05-22T09:44:10.2620374Z","PartitionId":2,"EventEnqueuedUtcTime":"2019-05-22T09:44:10.1770000Z","IoTHub":{"MessageId":null,"CorrelationId":null,"ConnectionDeviceId":"comdevice1","ConnectionDeviceGenerationId":"636934198778560378","EnqueuedTime":"2019-05-22T09:44:10.1400000Z","StreamId":null}}
{"t_DeviceID":"comdevice1","t_CO2":2571,"t_tVOC":330,"t_pm1_0":18,"t_pm2_5":27,"t_pm10":39,"t_pm1_0MIN":18,"t_pm2_5MIN":26,"t_pm10MIN":39,"t_pm1_0MAX":19,"t_pm2_5MAX":28,"t_pm10MAX":40,"t_tempC":26.34,"t_humiP":35.509998,"t_pressure":100593.34375,"t_latitudeA":0.0,"t_longitudeA":0.0,"EventProcessedUtcTime":"2019-05-22T09:45:10.2137189Z","PartitionId":2,"EventEnqueuedUtcTime":"2019-05-22T09:45:10.2010000Z","IoTHub":{"MessageId":null,"CorrelationId":null,"ConnectionDeviceId":"comdevice1","ConnectionDeviceGenerationId":"636934198778560378","EnqueuedTime":"2019-05-22T09:45:10.1530000Z","StreamId":null}}
{"t_DeviceID":"comdevice1","t_CO2":2993,"t_tVOC":395,"t_pm1_0":40,"t_pm2_5":58,"t_pm10":73,"t_pm1_0MIN":40,"t_pm2_5MIN":57,"t_pm10MIN":72,"t_pm1_0MAX":44,"t_pm2_5MAX":61,"t_pm10MAX":75,"t_tempC":26.27,"t_humiP":33.529999,"t_pressure":100600.328125,"t_latitudeA":0.0,"t_longitudeA":0.0,"EventProcessedUtcTime":"2019-05-22T09:46:10.2821345Z","PartitionId":2,"EventEnqueuedUtcTime":"2019-05-22T09:46:10.2090000Z","IoTHub":{"MessageId":null,"CorrelationId":null,"ConnectionDeviceId":"comdevice1","ConnectionDeviceGenerationId":"636934198778560378","EnqueuedTime":"2019-05-22T09:46:10.1710000Z","StreamId":null}}
{"t_DeviceID":"comdevice1","t_CO2":2475,"t_tVOC":316,"t_pm1_0":40,"t_pm2_5":58,"t_pm10":62,"t_pm1_0MIN":40,"t_pm2_5MIN":58,"t_pm10MIN":62,"t_pm1_0MAX":42,"t_pm2_5MAX":60,"t_pm10MAX":66,"t_tempC":26.16,"t_humiP":33.82,"t_pressure":100581.984375,"t_latitudeA":0.0,"t_longitudeA":0.0,"EventProcessedUtcTime":"2019-05-22T09:47:10.1676845Z","PartitionId":2,"EventEnqueuedUtcTime":"2019-05-22T09:47:10.1210000Z","IoTHub":{"MessageId":null,"CorrelationId":null,"ConnectionDeviceId":"comdevice1","ConnectionDeviceGenerationId":"636934198778560378","EnqueuedTime":"2019-05-22T09:47:10.0870000Z","StreamId":null}}
{"t_DeviceID":"comdevice1","t_CO2":1948,"t_tVOC":235,"t_pm1_0":38,"t_pm2_5":57,"t_pm10":74,"t_pm1_0MIN":38,"t_pm2_5MIN":56,"t_pm10MIN":73,"t_pm1_0MAX":39,"t_pm2_5MAX":58,"t_pm10MAX":75,"t_tempC":26.129999,"t_humiP":33.779999,"t_pressure":100568.335938,"t_latitudeA":0.0,"t_longitudeA":0.0,"EventProcessedUtcTime":"2019-05-22T09:48:10.2536347Z","PartitionId":2,"EventEnqueuedUtcTime":"2019-05-22T09:48:10.1400000Z","IoTHub":{"MessageId":null,"CorrelationId":null,"ConnectionDeviceId":"comdevice1","ConnectionDeviceGenerationId":"636934198778560378","EnqueuedTime":"2019-05-22T09:48:10.1130000Z","StreamId":null}}
{"t_DeviceID":"comdevice1","t_CO2":1400,"t_tVOC":152,"t_pm1_0":44,"t_pm2_5":66,"t_pm10":83,"t_pm1_0MIN":44,"t_pm2_5MIN":65,"t_pm10MIN":80,"t_pm1_0MAX":46,"t_pm2_5MAX":68,"t_pm10MAX":85,"t_tempC":26.15,"t_humiP":34.110001,"t_pressure":100561.59375,"t_latitudeA":0.0,"t_longitudeA":0.0,"EventProcessedUtcTime":"2019-05-22T09:49:10.2141815Z","PartitionId":2,"EventEnqueuedUtcTime":"2019-05-22T09:49:10.1620000Z","IoTHub":{"MessageId":null,"CorrelationId":null,"ConnectionDeviceId":"comdevice1","ConnectionDeviceGenerationId":"636934198778560378","EnqueuedTime":"2019-05-22T09:49:10.1130000Z","StreamId":null}}
{"t_DeviceID":"comdevice1","t_CO2":1333,"t_tVOC":142,"t_pm1_0":44,"t_pm2_5":62,"t_pm10":76,"t_pm1_0MIN":44,"t_pm2_5MIN":62,"t_pm10MIN":75,"t_pm1_0MAX":45,"t_pm2_5MAX":62,"t_pm10MAX":79,"t_tempC":26.15,"t_humiP":34.200001,"t_pressure":100563.765625,"t_latitudeA":0.0,"t_longitudeA":0.0,"EventProcessedUtcTime":"2019-05-22T09:50:10.2859732Z","PartitionId":2,"EventEnqueuedUtcTime":"2019-05-22T09:50:10.1710000Z","IoTHub":{"MessageId":null,"CorrelationId":null,"ConnectionDeviceId":"comdevice1","ConnectionDeviceGenerationId":"636934198778560378","EnqueuedTime":"2019-05-22T09:50:10.1310000Z","StreamId":null}}
{"t_DeviceID":"comdevice1","t_CO2":3287,"t_tVOC":439,"t_pm1_0":43,"t_pm2_5":61,"t_pm10":80,"t_pm1_0MIN":42,"t_pm2_5MIN":60,"t_pm10MIN":77,"t_pm1_0MAX":45,"t_pm2_5MAX":65,"t_pm10MAX":82,"t_tempC":26.09,"t_humiP":34.82,"t_pressure":100576.304688,"t_latitudeA":0.0,"t_longitudeA":0.0,"EventProcessedUtcTime":"2019-05-22T09:51:10.2590208Z","PartitionId":2,"EventEnqueuedUtcTime":"2019-05-22T09:51:10.1850000Z","IoTHub":{"MessageId":null,"CorrelationId":null,"ConnectionDeviceId":"comdevice1","ConnectionDeviceGenerationId":"636934198778560378","EnqueuedTime":"2019-05-22T09:51:10.1480000Z","StreamId":null}}
{"t_DeviceID":"comdevice1","t_CO2":1254,"t_tVOC":130,"t_pm1_0":37,"t_pm2_5":54,"t_pm10":60,"t_pm1_0MIN":37,"t_pm2_5MIN":54,"t_pm10MIN":59,"t_pm1_0MAX":39,"t_pm2_5MAX":56,"t_pm10MAX":62,"t_tempC":26.09,"t_humiP":34.299999,"t_pressure":100570.828125,"t_latitudeA":0.0,"t_longitudeA":0.0,"EventProcessedUtcTime":"2019-05-22T09:52:10.2783486Z","PartitionId":2,"EventEnqueuedUtcTime":"2019-05-22T09:52:10.2140000Z","IoTHub":{"MessageId":null,"CorrelationId":null,"ConnectionDeviceId":"comdevice1","ConnectionDeviceGenerationId":"636934198778560378","EnqueuedTime":"2019-05-22T09:52:10.1880000Z","StreamId":null}}
{"t_DeviceID":"comdevice1","t_CO2":1254,"t_tVOC":130,"t_pm1_0":40,"t_pm2_5":58,"t_pm10":77,"t_pm1_0MIN":40,"t_pm2_5MIN":58,"t_pm10MIN":76,"t_pm1_0MAX":41,"t_pm2_5MAX":59,"t_pm10MAX":79,"t_tempC":26.07,"t_humiP":34.330002,"t_pressure":100569.617188,"t_latitudeA":0.0,"t_longitudeA":0.0,"EventProcessedUtcTime":"2019-05-22T09:53:10.3078247Z","PartitionId":2,"EventEnqueuedUtcTime":"2019-05-22T09:53:10.1940000Z","IoTHub":{"MessageId":null,"CorrelationId":null,"ConnectionDeviceId":"comdevice1","ConnectionDeviceGenerationId":"636934198778560378","EnqueuedTime":"2019-05-22T09:53:10.1610000Z","StreamId":null}}
{"t_DeviceID":"comdevice1","t_CO2":1275,"t_tVOC":133,"t_pm1_0":43,"t_pm2_5":58,"t_pm10":71,"t_pm1_0MIN":42,"t_pm2_5MIN":55,"t_pm10MIN":69,"t_pm1_0MAX":45,"t_pm2_5MAX":61,"t_pm10MAX":75,"t_tempC":26.059999,"t_humiP":34.400002,"t_pressure":100572.078125,"t_latitudeA":0.0,"t_longitudeA":0.0,"EventProcessedUtcTime":"2019-05-22T09:54:10.1940023Z","PartitionId":2,"EventEnqueuedUtcTime":"2019-05-22T09:54:10.1260000Z","IoTHub":{"MessageId":null,"CorrelationId":null,"ConnectionDeviceId":"comdevice1","ConnectionDeviceGenerationId":"636934198778560378","EnqueuedTime":"2019-05-22T09:54:10.0850000Z","StreamId":null}}
{"t_DeviceID":"comdevice1","t_CO2":1400,"t_tVOC":152,"t_pm1_0":40,"t_pm2_5":57,"t_pm10":71,"t_pm1_0MIN":40,"t_pm2_5MIN":54,"t_pm10MIN":65,"t_pm1_0MAX":42,"t_pm2_5MAX":60,"t_pm10MAX":74,"t_tempC":26.049999,"t_humiP":34.439999,"t_pressure":100570.601562,"t_latitudeA":0.0,"t_longitudeA":0.0,"EventProcessedUtcTime":"2019-05-22T09:55:10.1884647Z","PartitionId":2,"EventEnqueuedUtcTime":"2019-05-22T09:55:10.1340000Z","IoTHub":{"MessageId":null,"CorrelationId":null,"ConnectionDeviceId":"comdevice1","ConnectionDeviceGenerationId":"636934198778560378","EnqueuedTime":"2019-05-22T09:55:10.0980000Z","StreamId":null}}
{"t_DeviceID":"comdevice1","t_CO2":1835,"t_tVOC":218,"t_pm1_0":55,"t_pm2_5":80,"t_pm10":99,"t_pm1_0MIN":55,"t_pm2_5MIN":77,"t_pm10MIN":93,"t_pm1_0MAX":57,"t_pm2_5MAX":82,"t_pm10MAX":102,"t_tempC":26.030001,"t_humiP":35.110001,"t_pressure":100570.203125,"t_latitudeA":0.0,"t_longitudeA":0.0,"EventProcessedUtcTime":"2019-05-22T09:56:10.2370124Z","PartitionId":2,"EventEnqueuedUtcTime":"2019-05-22T09:56:10.1560000Z","IoTHub":{"MessageId":null,"CorrelationId":null,"ConnectionDeviceId":"comdevice1","ConnectionDeviceGenerationId":"636934198778560378","EnqueuedTime":"2019-05-22T09:56:10.1150000Z","StreamId":null}}
{"t_DeviceID":"comdevice1","t_CO2":3988,"t_tVOC":546,"t_pm1_0":30,"t_pm2_5":46,"t_pm10":64,"t_pm1_0MIN":29,"t_pm2_5MIN":45,"t_pm10MIN":62,"t_pm1_0MAX":31,"t_pm2_5MAX":48,"t_pm10MAX":67,"t_tempC":26.23,"t_humiP":42.66,"t_pressure":100534.835938,"t_latitudeA":0.0,"t_longitudeA":0.0,"EventProcessedUtcTime":"2019-05-22T09:57:10.2677508Z","PartitionId":2,"EventEnqueuedUtcTime":"2019-05-22T09:57:10.1670000Z","IoTHub":{"MessageId":null,"CorrelationId":null,"ConnectionDeviceId":"comdevice1","ConnectionDeviceGenerationId":"636934198778560378","EnqueuedTime":"2019-05-22T09:57:10.1210000Z","StreamId":null}}
{"t_DeviceID":"comdevice1","t_CO2":4323,"t_tVOC":597,"t_pm1_0":33,"t_pm2_5":48,"t_pm10":58,"t_pm1_0MIN":31,"t_pm2_5MIN":46,"t_pm10MIN":56,"t_pm1_0MAX":34,"t_pm2_5MAX":50,"t_pm10MAX":63,"t_tempC":26.780001,"t_humiP":44.939999,"t_pressure":100596.765625,"t_latitudeA":0.0,"t_longitudeA":0.0,"EventProcessedUtcTime":"2019-05-22T09:58:10.2455002Z","PartitionId":2,"EventEnqueuedUtcTime":"2019-05-22T09:58:10.1900000Z","IoTHub":{"MessageId":null,"CorrelationId":null,"ConnectionDeviceId":"comdevice1","ConnectionDeviceGenerationId":"636934198778560378","EnqueuedTime":"2019-05-22T09:58:10.1530000Z","StreamId":null}}
{"t_DeviceID":"comdevice1","t_CO2":4250,"t_tVOC":586,"t_pm1_0":35,"t_pm2_5":50,"t_pm10":58,"t_pm1_0MIN":35,"t_pm2_5MIN":49,"t_pm10MIN":58,"t_pm1_0MAX":36,"t_pm2_5MAX":51,"t_pm10MAX":59,"t_tempC":27.209999,"t_humiP":43.490002,"t_pressure":100667.398438,"t_latitudeA":0.0,"t_longitudeA":0.0,"EventProcessedUtcTime":"2019-05-22T09:59:10.2507918Z","PartitionId":2,"EventEnqueuedUtcTime":"2019-05-22T09:59:10.1890000Z","IoTHub":{"MessageId":null,"CorrelationId":null,"ConnectionDeviceId":"comdevice1","ConnectionDeviceGenerationId":"636934198778560378","EnqueuedTime":"2019-05-22T09:59:10.1500000Z","StreamId":null}}
{"t_DeviceID":"comdevice1","t_CO2":3583,"t_tVOC":484,"t_pm1_0":37,"t_pm2_5":55,"t_pm10":75,"t_pm1_0MIN":36,"t_pm2_5MIN":54,"t_pm10MIN":71,"t_pm1_0MAX":39,"t_pm2_5MAX":57,"t_pm10MAX":77,"t_tempC":27.530001,"t_humiP":41.790001,"t_pressure":100687.203125,"t_latitudeA":0.0,"t_longitudeA":0.0,"EventProcessedUtcTime":"2019-05-22T10:00:10.2267259Z","PartitionId":2,"EventEnqueuedUtcTime":"2019-05-22T10:00:10.2100000Z","IoTHub":{"MessageId":null,"CorrelationId":null,"ConnectionDeviceId":"comdevice1","ConnectionDeviceGenerationId":"636934198778560378","EnqueuedTime":"2019-05-22T10:00:10.1600000Z","StreamId":null}}
{"t_DeviceID":"comdevice1","t_CO2":3699,"t_tVOC":502,"t_pm1_0":31,"t_pm2_5":50,"t_pm10":70,"t_pm1_0MIN":31,"t_pm2_5MIN":50,"t_pm10MIN":69,"t_pm1_0MAX":32,"t_pm2_5MAX":51,"t_pm10MAX":72,"t_tempC":27.799999,"t_humiP":41.07,"t_pressure":100641.765625,"t_latitudeA":0.0,"t_longitudeA":0.0,"EventProcessedUtcTime":"2019-05-22T10:01:10.3047072Z","PartitionId":2,"EventEnqueuedUtcTime":"2019-05-22T10:01:10.2220000Z","IoTHub":{"MessageId":null,"CorrelationId":null,"ConnectionDeviceId":"comdevice1","ConnectionDeviceGenerationId":"636934198778560378","EnqueuedTime":"2019-05-22T10:01:10.1790000Z","StreamId":null}}
{"t_DeviceID":"comdevice1","t_CO2":3529,"t_tVOC":476,"t_pm1_0":34,"t_pm2_5":48,"t_pm10":57,"t_pm1_0MIN":32,"t_pm2_5MIN":45,"t_pm10MIN":56,"t_pm1_0MAX":35,"t_pm2_5MAX":49,"t_pm10MAX":59,"t_tempC":28.030001,"t_humiP":37.970001,"t_pressure":100646.382812,"t_latitudeA":0.0,"t_longitudeA":0.0,"EventProcessedUtcTime":"2019-05-22T10:02:10.2467614Z","PartitionId":2,"EventEnqueuedUtcTime":"2019-05-22T10:02:10.1340000Z","IoTHub":{"MessageId":null,"CorrelationId":null,"ConnectionDeviceId":"comdevice1","ConnectionDeviceGenerationId":"636934198778560378","EnqueuedTime":"2019-05-22T10:02:10.0860000Z","StreamId":null}}
{"t_DeviceID":"comdevice1","t_CO2":2860,"t_tVOC":374,"t_pm1_0":33,"t_pm2_5":52,"t_pm10":71,"t_pm1_0MIN":32,"t_pm2_5MIN":51,"t_pm10MIN":69,"t_pm1_0MAX":34,"t_pm2_5MAX":55,"t_pm10MAX":76,"t_tempC":28.200001,"t_humiP":36.369999,"t_pressure":100633.40625,"t_latitudeA":0.0,"t_longitudeA":0.0,"EventProcessedUtcTime":"2019-05-22T10:03:10.1601717Z","PartitionId":2,"EventEnqueuedUtcTime":"2019-05-22T10:03:10.1300000Z","IoTHub":{"MessageId":null,"CorrelationId":null,"ConnectionDeviceId":"comdevice1","ConnectionDeviceGenerationId":"636934198778560378","EnqueuedTime":"2019-05-22T10:03:10.0960000Z","StreamId":null}}
{"t_DeviceID":"comdevice1","t_CO2":3119,"t_tVOC":414,"t_pm1_0":35,"t_pm2_5":46,"t_pm10":51,"t_pm1_0MIN":35,"t_pm2_5MIN":46,"t_pm10MIN":49,"t_pm1_0MAX":36,"t_pm2_5MAX":48,"t_pm10MAX":53,"t_tempC":28.379999,"t_humiP":35.709999,"t_pressure":100703.75,"t_latitudeA":0.0,"t_longitudeA":0.0,"EventProcessedUtcTime":"2019-05-22T10:04:10.2230207Z","PartitionId":2,"EventEnqueuedUtcTime":"2019-05-22T10:04:10.1390000Z","IoTHub":{"MessageId":null,"CorrelationId":null,"ConnectionDeviceId":"comdevice1","ConnectionDeviceGenerationId":"636934198778560378","EnqueuedTime":"2019-05-22T10:04:10.1100000Z","StreamId":null}}
{"t_DeviceID":"comdevice1","t_CO2":5092,"t_tVOC":714,"t_pm1_0":31,"t_pm2_5":44,"t_pm10":50,"t_pm1_0MIN":30,"t_pm2_5MIN":43,"t_pm10MIN":48,"t_pm1_0MAX":33,"t_pm2_5MAX":49,"t_pm10MAX":58,"t_tempC":28.57,"t_humiP":40.009998,"t_pressure":100689.289062,"t_latitudeA":0.0,"t_longitudeA":0.0,"EventProcessedUtcTime":"2019-05-22T10:05:10.2911644Z","PartitionId":2,"EventEnqueuedUtcTime":"2019-05-22T10:05:10.1700000Z","IoTHub":{"MessageId":null,"CorrelationId":null,"ConnectionDeviceId":"comdevice1","ConnectionDeviceGenerationId":"636934198778560378","EnqueuedTime":"2019-05-22T10:05:10.1250000Z","StreamId":null}}
{"t_DeviceID":"comdevice1","t_CO2":4530,"t_tVOC":629,"t_pm1_0":31,"t_pm2_5":46,"t_pm10":51,"t_pm1_0MIN":31,"t_pm2_5MIN":45,"t_pm10MIN":49,"t_pm1_0MAX":31,"t_pm2_5MAX":47,"t_pm10MAX":54,"t_tempC":28.74,"t_humiP":37.77,"t_pressure":100718.5,"t_latitudeA":0.0,"t_longitudeA":0.0,"EventProcessedUtcTime":"2019-05-22T10:06:10.4079258Z","PartitionId":2,"EventEnqueuedUtcTime":"2019-05-22T10:06:10.2940000Z","IoTHub":{"MessageId":null,"CorrelationId":null,"ConnectionDeviceId":"comdevice1","ConnectionDeviceGenerationId":"636934198778560378","EnqueuedTime":"2019-05-22T10:06:10.2550000Z","StreamId":null}}
{"t_DeviceID":"comdevice1","t_CO2":4657,"t_tVOC":648,"t_pm1_0":31,"t_pm2_5":45,"t_pm10":53,"t_pm1_0MIN":30,"t_pm2_5MIN":43,"t_pm10MIN":52,"t_pm1_0MAX":32,"t_pm2_5MAX":45,"t_pm10MAX":54,"t_tempC":28.9,"t_humiP":38.41,"t_pressure":100677.4375,"t_latitudeA":0.0,"t_longitudeA":0.0,"EventProcessedUtcTime":"2019-05-22T10:07:10.2512494Z","PartitionId":2,"EventEnqueuedUtcTime":"2019-05-22T10:07:10.1740000Z","IoTHub":{"MessageId":null,"CorrelationId":null,"ConnectionDeviceId":"comdevice1","ConnectionDeviceGenerationId":"636934198778560378","EnqueuedTime":"2019-05-22T10:07:10.1370000Z","StreamId":null}}
{"t_DeviceID":"comdevice1","t_CO2":4816,"t_tVOC":672,"t_pm1_0":32,"t_pm2_5":46,"t_pm10":59,"t_pm1_0MIN":32,"t_pm2_5MIN":46,"t_pm10MIN":55,"t_pm1_0MAX":33,"t_pm2_5MAX":48,"t_pm10MAX":61,"t_tempC":29.059999,"t_humiP":38.130001,"t_pressure":100653.40625,"t_latitudeA":0.0,"t_longitudeA":0.0,"EventProcessedUtcTime":"2019-05-22T10:08:10.3141025Z","PartitionId":2,"EventEnqueuedUtcTime":"2019-05-22T10:08:10.2100000Z","IoTHub":{"MessageId":null,"CorrelationId":null,"ConnectionDeviceId":"comdevice1","ConnectionDeviceGenerationId":"636934198778560378","EnqueuedTime":"2019-05-22T10:08:10.1680000Z","StreamId":null}}
{"t_DeviceID":"comdevice1","t_CO2":3738,"t_tVOC":508,"t_pm1_0":27,"t_pm2_5":40,"t_pm10":56,"t_pm1_0MIN":26,"t_pm2_5MIN":39,"t_pm10MIN":53,"t_pm1_0MAX":30,"t_pm2_5MAX":43,"t_pm10MAX":64,"t_tempC":29.190001,"t_humiP":36.68,"t_pressure":100645.953125,"t_latitudeA":0.0,"t_longitudeA":0.0,"EventProcessedUtcTime":"2019-05-22T10:09:10.2358937Z","PartitionId":2,"EventEnqueuedUtcTime":"2019-05-22T10:09:10.2230000Z","IoTHub":{"MessageId":null,"CorrelationId":null,"ConnectionDeviceId":"comdevice1","ConnectionDeviceGenerationId":"636934198778560378","EnqueuedTime":"2019-05-22T10:09:10.1710000Z","StreamId":null}}
{"t_DeviceID":"comdevice1","t_CO2":1815,"t_tVOC":215,"t_pm1_0":31,"t_pm2_5":45,"t_pm10":63,"t_pm1_0MIN":31,"t_pm2_5MIN":45,"t_pm10MIN":59,"t_pm1_0MAX":33,"t_pm2_5MAX":47,"t_pm10MAX":66,"t_tempC":29.15,"t_humiP":34.66,"t_pressure":100523.984375,"t_latitudeA":0.0,"t_longitudeA":0.0,"EventProcessedUtcTime":"2019-05-22T10:10:10.4078377Z","PartitionId":2,"EventEnqueuedUtcTime":"2019-05-22T10:10:10.3250000Z","IoTHub":{"MessageId":null,"CorrelationId":null,"ConnectionDeviceId":"comdevice1","ConnectionDeviceGenerationId":"636934198778560378","EnqueuedTime":"2019-05-22T10:10:10.2960000Z","StreamId":null}}
{"t_DeviceID":"comdevice1","t_CO2":1400,"t_tVOC":152,"t_pm1_0":29,"t_pm2_5":41,"t_pm10":52,"t_pm1_0MIN":29,"t_pm2_5MIN":40,"t_pm10MIN":51,"t_pm1_0MAX":31,"t_pm2_5MAX":43,"t_pm10MAX":55,"t_tempC":28.91,"t_humiP":33.040001,"t_pressure":100507.921875,"t_latitudeA":0.0,"t_longitudeA":0.0,"EventProcessedUtcTime":"2019-05-22T10:11:10.2527663Z","PartitionId":2,"EventEnqueuedUtcTime":"2019-05-22T10:11:10.1450000Z","IoTHub":{"MessageId":null,"CorrelationId":null,"ConnectionDeviceId":"comdevice1","ConnectionDeviceGenerationId":"636934198778560378","EnqueuedTime":"2019-05-22T10:11:10.0980000Z","StreamId":null}}
{"t_DeviceID":"comdevice1","t_CO2":1302,"t_tVOC":137,"t_pm1_0":30,"t_pm2_5":45,"t_pm10":61,"t_pm1_0MIN":30,"t_pm2_5MIN":45,"t_pm10MIN":60,"t_pm1_0MAX":31,"t_pm2_5MAX":47,"t_pm10MAX":65,"t_tempC":28.73,"t_humiP":33.599998,"t_pressure":100594.703125,"t_latitudeA":0.0,"t_longitudeA":0.0,"EventProcessedUtcTime":"2019-05-22T10:12:10.2796438Z","PartitionId":2,"EventEnqueuedUtcTime":"2019-05-22T10:12:10.1620000Z","IoTHub":{"MessageId":null,"CorrelationId":null,"ConnectionDeviceId":"comdevice1","ConnectionDeviceGenerationId":"636934198778560378","EnqueuedTime":"2019-05-22T10:12:10.1220000Z","StreamId":null}}
{"t_DeviceID":"comdevice1","t_CO2":1400,"t_tVOC":152,"t_pm1_0":33,"t_pm2_5":46,"t_pm10":54,"t_pm1_0MIN":33,"t_pm2_5MIN":46,"t_pm10MIN":53,"t_pm1_0MAX":33,"t_pm2_5MAX":47,"t_pm10MAX":56,"t_tempC":28.620001,"t_humiP":33.459999,"t_pressure":100612.4375,"t_latitudeA":0.0,"t_longitudeA":0.0,"EventProcessedUtcTime":"2019-05-22T10:13:10.2038038Z","PartitionId":2,"EventEnqueuedUtcTime":"2019-05-22T10:13:10.1670000Z","IoTHub":{"MessageId":null,"CorrelationId":null,"ConnectionDeviceId":"comdevice1","ConnectionDeviceGenerationId":"636934198778560378","EnqueuedTime":"2019-05-22T10:13:10.1300000Z","StreamId":null}}
{"t_DeviceID":"comdevice1","t_CO2":1561,"t_tVOC":176,"t_pm1_0":30,"t_pm2_5":41,"t_pm10":56,"t_pm1_0MIN":28,"t_pm2_5MIN":39,"t_pm10MIN":52,"t_pm1_0MAX":32,"t_pm2_5MAX":46,"t_pm10MAX":65,"t_tempC":28.540001,"t_humiP":34.07,"t_pressure":100686.46875,"t_latitudeA":0.0,"t_longitudeA":0.0,"EventProcessedUtcTime":"2019-05-22T10:14:10.2761954Z","PartitionId":2,"EventEnqueuedUtcTime":"2019-05-22T10:14:10.1750000Z","IoTHub":{"MessageId":null,"CorrelationId":null,"ConnectionDeviceId":"comdevice1","ConnectionDeviceGenerationId":"636934198778560378","EnqueuedTime":"2019-05-22T10:14:10.1360000Z","StreamId":null}}
{"t_DeviceID":"comdevice1","t_CO2":1235,"t_tVOC":127,"t_pm1_0":32,"t_pm2_5":43,"t_pm10":66,"t_pm1_0MIN":32,"t_pm2_5MIN":43,"t_pm10MIN":65,"t_pm1_0MAX":32,"t_pm2_5MAX":45,"t_pm10MAX":68,"t_tempC":28.57,"t_humiP":33.450001,"t_pressure":100711.8125,"t_latitudeA":0.0,"t_longitudeA":0.0,"EventProcessedUtcTime":"2019-05-22T10:15:10.3131408Z","PartitionId":2,"EventEnqueuedUtcTime":"2019-05-22T10:15:10.2750000Z","IoTHub":{"MessageId":null,"CorrelationId":null,"ConnectionDeviceId":"comdevice1","ConnectionDeviceGenerationId":"636934198778560378","EnqueuedTime":"2019-05-22T10:15:10.2310000Z","StreamId":null}}
{"t_DeviceID":"comdevice1","t_CO2":2709,"t_tVOC":351,"t_pm1_0":30,"t_pm2_5":40,"t_pm10":48,"t_pm1_0MIN":30,"t_pm2_5MIN":39,"t_pm10MIN":47,"t_pm1_0MAX":31,"t_pm2_5MAX":41,"t_pm10MAX":49,"t_tempC":28.59,"t_humiP":34.970001,"t_pressure":100728.328125,"t_latitudeA":0.0,"t_longitudeA":0.0,"EventProcessedUtcTime":"2019-05-22T10:16:10.2866819Z","PartitionId":2,"EventEnqueuedUtcTime":"2019-05-22T10:16:10.2130000Z","IoTHub":{"MessageId":null,"CorrelationId":null,"ConnectionDeviceId":"comdevice1","ConnectionDeviceGenerationId":"636934198778560378","EnqueuedTime":"2019-05-22T10:16:10.1790000Z","StreamId":null}}
{"t_DeviceID":"comdevice1","t_CO2":1400,"t_tVOC":152,"t_pm1_0":32,"t_pm2_5":45,"t_pm10":64,"t_pm1_0MIN":31,"t_pm2_5MIN":44,"t_pm10MIN":61,"t_pm1_0MAX":33,"t_pm2_5MAX":47,"t_pm10MAX":66,"t_tempC":28.5,"t_humiP":33.310001,"t_pressure":100715.703125,"t_latitudeA":0.0,"t_longitudeA":0.0,"EventProcessedUtcTime":"2019-05-22T10:17:10.2937319Z","PartitionId":2,"EventEnqueuedUtcTime":"2019-05-22T10:17:10.2170000Z","IoTHub":{"MessageId":null,"CorrelationId":null,"ConnectionDeviceId":"comdevice1","ConnectionDeviceGenerationId":"636934198778560378","EnqueuedTime":"2019-05-22T10:17:10.1690000Z","StreamId":null}}
{"t_DeviceID":"comdevice1","t_CO2":2176,"t_tVOC":270,"t_pm1_0":31,"t_pm2_5":44,"t_pm10":58,"t_pm1_0MIN":30,"t_pm2_5MIN":43,"t_pm10MIN":57,"t_pm1_0MAX":34,"t_pm2_5MAX":48,"t_pm10MAX":64,"t_tempC":28.33,"t_humiP":33.84,"t_pressure":100714.265625,"t_latitudeA":0.0,"t_longitudeA":0.0,"EventProcessedUtcTime":"2019-05-22T10:18:10.5486327Z","PartitionId":2,"EventEnqueuedUtcTime":"2019-05-22T10:18:10.4270000Z","IoTHub":{"MessageId":null,"CorrelationId":null,"ConnectionDeviceId":"comdevice1","ConnectionDeviceGenerationId":"636934198778560378","EnqueuedTime":"2019-05-22T10:18:10.3860000Z","StreamId":null}}
{"t_DeviceID":"comdevice1","t_CO2":1545,"t_tVOC":174,"t_pm1_0":29,"t_pm2_5":42,"t_pm10":54,"t_pm1_0MIN":29,"t_pm2_5MIN":41,"t_pm10MIN":52,"t_pm1_0MAX":30,"t_pm2_5MAX":43,"t_pm10MAX":55,"t_tempC":28.34,"t_humiP":34.549999,"t_pressure":100709.75,"t_latitudeA":0.0,"t_longitudeA":0.0,"EventProcessedUtcTime":"2019-05-22T10:19:10.3449035Z","PartitionId":2,"EventEnqueuedUtcTime":"2019-05-22T10:19:10.2580000Z","IoTHub":{"MessageId":null,"CorrelationId":null,"ConnectionDeviceId":"comdevice1","ConnectionDeviceGenerationId":"636934198778560378","EnqueuedTime":"2019-05-22T10:19:10.2100000Z","StreamId":null}}
{"t_DeviceID":"comdevice1","t_CO2":2197,"t_tVOC":273,"t_pm1_0":30,"t_pm2_5":41,"t_pm10":46,"t_pm1_0MIN":29,"t_pm2_5MIN":41,"t_pm10MIN":45,"t_pm1_0MAX":30,"t_pm2_5MAX":42,"t_pm10MAX":48,"t_tempC":28.290001,"t_humiP":34.57,"t_pressure":100749.09375,"t_latitudeA":0.0,"t_longitudeA":0.0,"EventProcessedUtcTime":"2019-05-22T10:20:10.2345519Z","PartitionId":2,"EventEnqueuedUtcTime":"2019-05-22T10:20:10.2140000Z","IoTHub":{"MessageId":null,"CorrelationId":null,"ConnectionDeviceId":"comdevice1","ConnectionDeviceGenerationId":"636934198778560378","EnqueuedTime":"2019-05-22T10:20:10.1750000Z","StreamId":null}}
{"t_DeviceID":"comdevice1","t_CO2":1944,"t_tVOC":235,"t_pm1_0":31,"t_pm2_5":42,"t_pm10":56,"t_pm1_0MIN":30,"t_pm2_5MIN":42,"t_pm10MIN":56,"t_pm1_0MAX":32,"t_pm2_5MAX":44,"t_pm10MAX":58,"t_tempC":28.280001,"t_humiP":34.950001,"t_pressure":100758.3125,"t_latitudeA":0.0,"t_longitudeA":0.0,"EventProcessedUtcTime":"2019-05-22T10:21:10.3150128Z","PartitionId":2,"EventEnqueuedUtcTime":"2019-05-22T10:21:10.2130000Z","IoTHub":{"MessageId":null,"CorrelationId":null,"ConnectionDeviceId":"comdevice1","ConnectionDeviceGenerationId":"636934198778560378","EnqueuedTime":"2019-05-22T10:21:10.1600000Z","StreamId":null}}
{"t_DeviceID":"comdevice1","t_CO2":2903,"t_tVOC":381,"t_pm1_0":32,"t_pm2_5":43,"t_pm10":51,"t_pm1_0MIN":31,"t_pm2_5MIN":43,"t_pm10MIN":48,"t_pm1_0MAX":33,"t_pm2_5MAX":45,"t_pm10MAX":53,"t_tempC":28.309999,"t_humiP":35.639999,"t_pressure":100760.046875,"t_latitudeA":0.0,"t_longitudeA":0.0,"EventProcessedUtcTime":"2019-05-22T10:22:10.3926770Z","PartitionId":2,"EventEnqueuedUtcTime":"2019-05-22T10:22:10.3000000Z","IoTHub":{"MessageId":null,"CorrelationId":null,"ConnectionDeviceId":"comdevice1","ConnectionDeviceGenerationId":"636934198778560378","EnqueuedTime":"2019-05-22T10:22:10.2530000Z","StreamId":null}}
{"t_DeviceID":"comdevice1","t_CO2":1525,"t_tVOC":171,"t_pm1_0":31,"t_pm2_5":45,"t_pm10":53,"t_pm1_0MIN":31,"t_pm2_5MIN":45,"t_pm10MIN":52,"t_pm1_0MAX":31,"t_pm2_5MAX":46,"t_pm10MAX":54,"t_tempC":28.33,"t_humiP":34.43,"t_pressure":100762.984375,"t_latitudeA":0.0,"t_longitudeA":0.0,"EventProcessedUtcTime":"2019-05-22T10:23:10.4720402Z","PartitionId":2,"EventEnqueuedUtcTime":"2019-05-22T10:23:10.3720000Z","IoTHub":{"MessageId":null,"CorrelationId":null,"ConnectionDeviceId":"comdevice1","ConnectionDeviceGenerationId":"636934198778560378","EnqueuedTime":"2019-05-22T10:23:10.3200000Z","StreamId":null}}
{"t_DeviceID":"comdevice1","t_CO2":3225,"t_tVOC":430,"t_pm1_0":30,"t_pm2_5":47,"t_pm10":50,"t_pm1_0MIN":30,"t_pm2_5MIN":46,"t_pm10MIN":49,"t_pm1_0MAX":32,"t_pm2_5MAX":49,"t_pm10MAX":52,"t_tempC":28.32,"t_humiP":35.549999,"t_pressure":100749.171875,"t_latitudeA":0.0,"t_longitudeA":0.0,"EventProcessedUtcTime":"2019-05-22T10:24:10.3007728Z","PartitionId":2,"EventEnqueuedUtcTime":"2019-05-22T10:24:10.2530000Z","IoTHub":{"MessageId":null,"CorrelationId":null,"ConnectionDeviceId":"comdevice1","ConnectionDeviceGenerationId":"636934198778560378","EnqueuedTime":"2019-05-22T10:24:10.2150000Z","StreamId":null}}
{"t_DeviceID":"comdevice1","t_CO2":1754,"t_tVOC":206,"t_pm1_0":31,"t_pm2_5":44,"t_pm10":59,"t_pm1_0MIN":29,"t_pm2_5MIN":43,"t_pm10MIN":56,"t_pm1_0MAX":32,"t_pm2_5MAX":46,"t_pm10MAX":61,"t_tempC":28.24,"t_humiP":34.5,"t_pressure":100732.859375,"t_latitudeA":0.0,"t_longitudeA":0.0,"EventProcessedUtcTime":"2019-05-22T10:25:10.2739672Z","PartitionId":2,"EventEnqueuedUtcTime":"2019-05-22T10:25:10.1590000Z","IoTHub":{"MessageId":null,"CorrelationId":null,"ConnectionDeviceId":"comdevice1","ConnectionDeviceGenerationId":"636934198778560378","EnqueuedTime":"2019-05-22T10:25:10.1110000Z","StreamId":null}}
{"t_DeviceID":"comdevice1","t_CO2":1773,"t_tVOC":209,"t_pm1_0":32,"t_pm2_5":46,"t_pm10":53,"t_pm1_0MIN":31,"t_pm2_5MIN":45,"t_pm10MIN":51,"t_pm1_0MAX":33,"t_pm2_5MAX":47,"t_pm10MAX":55,"t_tempC":28.27,"t_humiP":34.75,"t_pressure":100758.476562,"t_latitudeA":0.0,"t_longitudeA":0.0,"EventProcessedUtcTime":"2019-05-22T10:26:10.2606956Z","PartitionId":2,"EventEnqueuedUtcTime":"2019-05-22T10:26:10.1600000Z","IoTHub":{"MessageId":null,"CorrelationId":null,"ConnectionDeviceId":"comdevice1","ConnectionDeviceGenerationId":"636934198778560378","EnqueuedTime":"2019-05-22T10:26:10.1220000Z","StreamId":null}}
{"t_DeviceID":"comdevice1","t_CO2":3476,"t_tVOC":468,"t_pm1_0":31,"t_pm2_5":45,"t_pm10":52,"t_pm1_0MIN":30,"t_pm2_5MIN":45,"t_pm10MIN":51,"t_pm1_0MAX":33,"t_pm2_5MAX":48,"t_pm10MAX":56,"t_tempC":28.34,"t_humiP":36.57,"t_pressure":100761.820312,"t_latitudeA":0.0,"t_longitudeA":0.0,"EventProcessedUtcTime":"2019-05-22T10:27:10.3006065Z","PartitionId":2,"EventEnqueuedUtcTime":"2019-05-22T10:27:10.2490000Z","IoTHub":{"MessageId":null,"CorrelationId":null,"ConnectionDeviceId":"comdevice1","ConnectionDeviceGenerationId":"636934198778560378","EnqueuedTime":"2019-05-22T10:27:10.2080000Z","StreamId":null}}
{"t_DeviceID":"comdevice1","t_CO2":2709,"t_tVOC":351,"t_pm1_0":30,"t_pm2_5":43,"t_pm10":61,"t_pm1_0MIN":30,"t_pm2_5MIN":41,"t_pm10MIN":59,"t_pm1_0MAX":31,"t_pm2_5MAX":46,"t_pm10MAX":65,"t_tempC":28.280001,"t_humiP":35.16,"t_pressure":100753.71875,"t_latitudeA":0.0,"t_longitudeA":0.0,"EventProcessedUtcTime":"2019-05-22T10:28:10.2984310Z","PartitionId":2,"EventEnqueuedUtcTime":"2019-05-22T10:28:10.1980000Z","IoTHub":{"MessageId":null,"CorrelationId":null,"ConnectionDeviceId":"comdevice1","ConnectionDeviceGenerationId":"636934198778560378","EnqueuedTime":"2019-05-22T10:28:10.1450000Z","StreamId":null}}
{"t_DeviceID":"comdevice1","t_CO2":2197,"t_tVOC":273,"t_pm1_0":30,"t_pm2_5":40,"t_pm10":48,"t_pm1_0MIN":30,"t_pm2_5MIN":40,"t_pm10MIN":48,"t_pm1_0MAX":31,"t_pm2_5MAX":42,"t_pm10MAX":50,"t_tempC":28.33,"t_humiP":35.5,"t_pressure":100742.039062,"t_latitudeA":0.0,"t_longitudeA":0.0,"EventProcessedUtcTime":"2019-05-22T10:29:10.3063749Z","PartitionId":2,"EventEnqueuedUtcTime":"2019-05-22T10:29:10.2110000Z","IoTHub":{"MessageId":null,"CorrelationId":null,"ConnectionDeviceId":"comdevice1","ConnectionDeviceGenerationId":"636934198778560378","EnqueuedTime":"2019-05-22T10:29:10.1680000Z","StreamId":null}}
{"t_DeviceID":"comdevice1","t_CO2":3067,"t_tVOC":406,"t_pm1_0":31,"t_pm2_5":42,"t_pm10":59,"t_pm1_0MIN":30,"t_pm2_5MIN":41,"t_pm10MIN":58,"t_pm1_0MAX":33,"t_pm2_5MAX":47,"t_pm10MAX":60,"t_tempC":28.469999,"t_humiP":36.98,"t_pressure":100708.703125,"t_latitudeA":0.0,"t_longitudeA":0.0,"EventProcessedUtcTime":"2019-05-22T10:30:10.2806483Z","PartitionId":2,"EventEnqueuedUtcTime":"2019-05-22T10:30:10.2200000Z","IoTHub":{"MessageId":null,"CorrelationId":null,"ConnectionDeviceId":"comdevice1","ConnectionDeviceGenerationId":"636934198778560378","EnqueuedTime":"2019-05-22T10:30:10.1800000Z","StreamId":null}}
{"t_DeviceID":"comdevice1","t_CO2":2257,"t_tVOC":282,"t_pm1_0":31,"t_pm2_5":40,"t_pm10":51,"t_pm1_0MIN":30,"t_pm2_5MIN":38,"t_pm10MIN":47,"t_pm1_0MAX":32,"t_pm2_5MAX":44,"t_pm10MAX":57,"t_tempC":28.51,"t_humiP":35.25,"t_pressure":100674.640625,"t_latitudeA":0.0,"t_longitudeA":0.0,"EventProcessedUtcTime":"2019-05-22T10:31:10.3885044Z","PartitionId":2,"EventEnqueuedUtcTime":"2019-05-22T10:31:10.3280000Z","IoTHub":{"MessageId":null,"CorrelationId":null,"ConnectionDeviceId":"comdevice1","ConnectionDeviceGenerationId":"636934198778560378","EnqueuedTime":"2019-05-22T10:31:10.2930000Z","StreamId":null}}
{"t_DeviceID":"comdevice1","t_CO2":4158,"t_tVOC":572,"t_pm1_0":31,"t_pm2_5":42,"t_pm10":52,"t_pm1_0MIN":31,"t_pm2_5MIN":41,"t_pm10MIN":52,"t_pm1_0MAX":31,"t_pm2_5MAX":44,"t_pm10MAX":56,"t_tempC":28.610001,"t_humiP":38.57,"t_pressure":100660.554688,"t_latitudeA":0.0,"t_longitudeA":0.0,"EventProcessedUtcTime":"2019-05-22T10:32:10.2878673Z","PartitionId":2,"EventEnqueuedUtcTime":"2019-05-22T10:32:10.2470000Z","IoTHub":{"MessageId":null,"CorrelationId":null,"ConnectionDeviceId":"comdevice1","ConnectionDeviceGenerationId":"636934198778560378","EnqueuedTime":"2019-05-22T10:32:10.2080000Z","StreamId":null}}
{"t_DeviceID":"comdevice1","t_CO2":2668,"t_tVOC":345,"t_pm1_0":32,"t_pm2_5":43,"t_pm10":60,"t_pm1_0MIN":31,"t_pm2_5MIN":42,"t_pm10MIN":59,"t_pm1_0MAX":33,"t_pm2_5MAX":45,"t_pm10MAX":63,"t_tempC":28.629999,"t_humiP":35.41,"t_pressure":100600.046875,"t_latitudeA":0.0,"t_longitudeA":0.0,"EventProcessedUtcTime":"2019-05-22T10:33:10.2959022Z","PartitionId":2,"EventEnqueuedUtcTime":"2019-05-22T10:33:10.2270000Z","IoTHub":{"MessageId":null,"CorrelationId":null,"ConnectionDeviceId":"comdevice1","ConnectionDeviceGenerationId":"636934198778560378","EnqueuedTime":"2019-05-22T10:33:10.1860000Z","StreamId":null}}
{"t_DeviceID":"comdevice1","t_CO2":2638,"t_tVOC":340,"t_pm1_0":31,"t_pm2_5":42,"t_pm10":57,"t_pm1_0MIN":30,"t_pm2_5MIN":40,"t_pm10MIN":52,"t_pm1_0MAX":33,"t_pm2_5MAX":45,"t_pm10MAX":61,"t_tempC":28.68,"t_humiP":35.689999,"t_pressure":100559.09375,"t_latitudeA":0.0,"t_longitudeA":0.0,"EventProcessedUtcTime":"2019-05-22T10:34:10.2967374Z","PartitionId":2,"EventEnqueuedUtcTime":"2019-05-22T10:34:10.2640000Z","IoTHub":{"MessageId":null,"CorrelationId":null,"ConnectionDeviceId":"comdevice1","ConnectionDeviceGenerationId":"636934198778560378","EnqueuedTime":"2019-05-22T10:34:10.2280000Z","StreamId":null}}
{"t_DeviceID":"comdevice1","t_CO2":2374,"t_tVOC":300,"t_pm1_0":31,"t_pm2_5":46,"t_pm10":61,"t_pm1_0MIN":30,"t_pm2_5MIN":43,"t_pm10MIN":51,"t_pm1_0MAX":33,"t_pm2_5MAX":48,"t_pm10MAX":70,"t_tempC":28.67,"t_humiP":35.18,"t_pressure":100533.203125,"t_latitudeA":0.0,"t_longitudeA":0.0,"EventProcessedUtcTime":"2019-05-22T10:35:10.3170961Z","PartitionId":2,"EventEnqueuedUtcTime":"2019-05-22T10:35:10.2710000Z","IoTHub":{"MessageId":null,"CorrelationId":null,"ConnectionDeviceId":"comdevice1","ConnectionDeviceGenerationId":"636934198778560378","EnqueuedTime":"2019-05-22T10:35:10.2260000Z","StreamId":null}}
{"t_DeviceID":"comdevice1","t_CO2":2094,"t_tVOC":258,"t_pm1_0":34,"t_pm2_5":48,"t_pm10":61,"t_pm1_0MIN":33,"t_pm2_5MIN":46,"t_pm10MIN":58,"t_pm1_0MAX":35,"t_pm2_5MAX":50,"t_pm10MAX":64,"t_tempC":28.66,"t_humiP":34.349998,"t_pressure":100434.09375,"t_latitudeA":0.0,"t_longitudeA":0.0,"EventProcessedUtcTime":"2019-05-22T10:36:10.2546715Z","PartitionId":2,"EventEnqueuedUtcTime":"2019-05-22T10:36:10.1970000Z","IoTHub":{"MessageId":null,"CorrelationId":null,"ConnectionDeviceId":"comdevice1","ConnectionDeviceGenerationId":"636934198778560378","EnqueuedTime":"2019-05-22T10:36:10.1580000Z","StreamId":null}}
{"t_DeviceID":"comdevice1","t_CO2":2374,"t_tVOC":300,"t_pm1_0":35,"t_pm2_5":51,"t_pm10":66,"t_pm1_0MIN":34,"t_pm2_5MIN":49,"t_pm10MIN":63,"t_pm1_0MAX":38,"t_pm2_5MAX":55,"t_pm10MAX":70,"t_tempC":28.66,"t_humiP":34.580002,"t_pressure":100363.140625,"t_latitudeA":0.0,"t_longitudeA":0.0,"EventProcessedUtcTime":"2019-05-22T10:37:10.2864792Z","PartitionId":2,"EventEnqueuedUtcTime":"2019-05-22T10:37:10.2170000Z","IoTHub":{"MessageId":null,"CorrelationId":null,"ConnectionDeviceId":"comdevice1","ConnectionDeviceGenerationId":"636934198778560378","EnqueuedTime":"2019-05-22T10:37:10.1720000Z","StreamId":null}}
{"t_DeviceID":"comdevice1","t_CO2":6686,"t_tVOC":957,"t_pm1_0":32,"t_pm2_5":46,"t_pm10":62,"t_pm1_0MIN":32,"t_pm2_5MIN":45,"t_pm10MIN":59,"t_pm1_0MAX":34,"t_pm2_5MAX":49,"t_pm10MAX":67,"t_tempC":28.73,"t_humiP":36.91,"t_pressure":100316.859375,"t_latitudeA":0.0,"t_longitudeA":0.0,"EventProcessedUtcTime":"2019-05-22T10:38:10.4218857Z","PartitionId":2,"EventEnqueuedUtcTime":"2019-05-22T10:38:10.3340000Z","IoTHub":{"MessageId":null,"CorrelationId":null,"ConnectionDeviceId":"comdevice1","ConnectionDeviceGenerationId":"636934198778560378","EnqueuedTime":"2019-05-22T10:38:10.2860000Z","StreamId":null}}
{"t_DeviceID":"comdevice1","t_CO2":2786,"t_tVOC":363,"t_pm1_0":31,"t_pm2_5":44,"t_pm10":50,"t_pm1_0MIN":31,"t_pm2_5MIN":44,"t_pm10MIN":49,"t_pm1_0MAX":32,"t_pm2_5MAX":45,"t_pm10MAX":51,"t_tempC":28.77,"t_humiP":36.049999,"t_pressure":100228.765625,"t_latitudeA":0.0,"t_longitudeA":0.0,"EventProcessedUtcTime":"2019-05-22T10:39:10.2957043Z","PartitionId":2,"EventEnqueuedUtcTime":"2019-05-22T10:39:10.2390000Z","IoTHub":{"MessageId":null,"CorrelationId":null,"ConnectionDeviceId":"comdevice1","ConnectionDeviceGenerationId":"636934198778560378","EnqueuedTime":"2019-05-22T10:39:10.1990000Z","StreamId":null}}
{"t_DeviceID":"comdevice1","t_CO2":1688,"t_tVOC":196,"t_pm1_0":32,"t_pm2_5":45,"t_pm10":54,"t_pm1_0MIN":32,"t_pm2_5MIN":45,"t_pm10MIN":53,"t_pm1_0MAX":34,"t_pm2_5MAX":47,"t_pm10MAX":56,"t_tempC":28.75,"t_humiP":34.560001,"t_pressure":100200.757812,"t_latitudeA":0.0,"t_longitudeA":0.0,"EventProcessedUtcTime":"2019-05-22T10:40:10.2568735Z","PartitionId":2,"EventEnqueuedUtcTime":"2019-05-22T10:40:10.1680000Z","IoTHub":{"MessageId":null,"CorrelationId":null,"ConnectionDeviceId":"comdevice1","ConnectionDeviceGenerationId":"636934198778560378","EnqueuedTime":"2019-05-22T10:40:10.1280000Z","StreamId":null}}
{"t_DeviceID":"comdevice1","t_CO2":1767,"t_tVOC":208,"t_pm1_0":35,"t_pm2_5":50,"t_pm10":65,"t_pm1_0MIN":34,"t_pm2_5MIN":49,"t_pm10MIN":61,"t_pm1_0MAX":36,"t_pm2_5MAX":52,"t_pm10MAX":67,"t_tempC":28.780001,"t_humiP":34.48,"t_pressure":99958.921875,"t_latitudeA":0.0,"t_longitudeA":0.0,"EventProcessedUtcTime":"2019-05-22T10:41:10.2545701Z","PartitionId":2,"EventEnqueuedUtcTime":"2019-05-22T10:41:10.1770000Z","IoTHub":{"MessageId":null,"CorrelationId":null,"ConnectionDeviceId":"comdevice1","ConnectionDeviceGenerationId":"636934198778560378","EnqueuedTime":"2019-05-22T10:41:10.1300000Z","StreamId":null}}
{"t_DeviceID":"comdevice1","t_CO2":1224,"t_tVOC":125,"t_pm1_0":33,"t_pm2_5":46,"t_pm10":65,"t_pm1_0MIN":33,"t_pm2_5MIN":46,"t_pm10MIN":64,"t_pm1_0MAX":35,"t_pm2_5MAX":47,"t_pm10MAX":68,"t_tempC":28.74,"t_humiP":32.380001,"t_pressure":99873.125,"t_latitudeA":0.0,"t_longitudeA":0.0,"EventProcessedUtcTime":"2019-05-22T10:42:10.3303752Z","PartitionId":2,"EventEnqueuedUtcTime":"2019-05-22T10:42:10.2670000Z","IoTHub":{"MessageId":null,"CorrelationId":null,"ConnectionDeviceId":"comdevice1","ConnectionDeviceGenerationId":"636934198778560378","EnqueuedTime":"2019-05-22T10:42:10.2210000Z","StreamId":null}}
{"t_DeviceID":"comdevice1","t_CO2":924,"t_tVOC":79,"t_pm1_0":29,"t_pm2_5":40,"t_pm10":49,"t_pm1_0MIN":29,"t_pm2_5MIN":40,"t_pm10MIN":46,"t_pm1_0MAX":30,"t_pm2_5MAX":41,"t_pm10MAX":50,"t_tempC":28.4,"t_humiP":29.389999,"t_pressure":99801.1875,"t_latitudeA":0.0,"t_longitudeA":0.0,"EventProcessedUtcTime":"2019-05-22T10:43:10.3955464Z","PartitionId":2,"EventEnqueuedUtcTime":"2019-05-22T10:43:10.2720000Z","IoTHub":{"MessageId":null,"CorrelationId":null,"ConnectionDeviceId":"comdevice1","ConnectionDeviceGenerationId":"636934198778560378","EnqueuedTime":"2019-05-22T10:43:10.2320000Z","StreamId":null}}