{"t_DeviceID":"comdevice1","t_CO2":491,"t_tVOC":13,"t_pm1_0":412,"t_pm2_5":2219,"t_pm10":2959,"t_pm1_0MIN":405,"t_pm2_5MIN":2127,"t_pm10MIN":2792,"t_pm1_0MAX":423,"t_pm2_5MAX":2268,"t_pm10MAX":0,"t_tempC":23.030001,"t_humiP":63.209999,"t_pressure":100067.59375,"t_latitudeA":0.0,"t_longitudeA":0.0,"EventProcessedUtcTime":"2019-05-23T00:57:13.5301387Z","PartitionId":2,"EventEnqueuedUtcTime":"2019-05-23T00:57:10.6790000Z","IoTHub":{"MessageId":null,"CorrelationId":null,"ConnectionDeviceId":"comdevice1","ConnectionDeviceGenerationId":"636934198778560378","EnqueuedTime":"2019-05-23T00:57:10.6440000Z","StreamId":null}}
{"t_DeviceID":"comdevice1","t_CO2":704,"t_tVOC":46,"t_pm1_0":446,"t_pm2_5":2231,"t_pm10":2765,"t_pm1_0MIN":402,"t_pm2_5MIN":1981,"t_pm10MIN":2411,"t_pm1_0MAX":479,"t_pm2_5MAX":2560,"t_pm10MAX":0,"t_tempC":23.49,"t_humiP":62.040001,"t_pressure":100068.226562,"t_latitudeA":0.0,"t_longitudeA":0.0,"EventProcessedUtcTime":"2019-05-23T00:58:09.7884569Z","PartitionId":2,"EventEnqueuedUtcTime":"2019-05-23T00:58:09.7510000Z","IoTHub":{"MessageId":null,"CorrelationId":null,"ConnectionDeviceId":"comdevice1","ConnectionDeviceGenerationId":"636934198778560378","EnqueuedTime":"2019-05-23T00:58:09.7070000Z","StreamId":null}}
{"t_DeviceID":"comdevice1","t_CO2":1090,"t_tVOC":105,"t_pm1_0":446,"t_pm2_5":2231,"t_pm10":2765,"t_pm1_0MIN":402,"t_pm2_5MIN":1981,"t_pm10MIN":2411,"t_pm1_0MAX":479,"t_pm2_5MAX":2560,"t_pm10MAX":0,"t_tempC":24.190001,"t_humiP":59.220001,"t_pressure":100071.570312,"t_latitudeA":0.0,"t_longitudeA":0.0,"EventProcessedUtcTime":"2019-05-23T01:00:09.9562073Z","PartitionId":2,"EventEnqueuedUtcTime":"2019-05-23T01:00:09.8620000Z","IoTHub":{"MessageId":null,"CorrelationId":null,"ConnectionDeviceId":"comdevice1","ConnectionDeviceGenerationId":"636934198778560378","EnqueuedTime":"2019-05-23T01:00:09.8340000Z","StreamId":null}}
{"t_DeviceID":"comdevice1","t_CO2":977,"t_tVOC":87,"t_pm1_0":446,"t_pm2_5":2231,"t_pm10":2765,"t_pm1_0MIN":402,"t_pm2_5MIN":1981,"t_pm10MIN":2411,"t_pm1_0MAX":479,"t_pm2_5MAX":2560,"t_pm10MAX":0,"t_tempC":23.870001,"t_humiP":61.869999,"t_pressure":100065.953125,"t_latitudeA":0.0,"t_longitudeA":0.0,"EventProcessedUtcTime":"2019-05-23T01:00:10.7233461Z","PartitionId":2,"EventEnqueuedUtcTime":"2019-05-23T01:00:10.6750000Z","IoTHub":{"MessageId":null,"CorrelationId":null,"ConnectionDeviceId":"comdevice1","ConnectionDeviceGenerationId":"636934198778560378","EnqueuedTime":"2019-05-23T01:00:10.6460000Z","StreamId":null}}
{"t_DeviceID":"comdevice1","t_CO2":1168,"t_tVOC":117,"t_pm1_0":446,"t_pm2_5":2231,"t_pm10":2765,"t_pm1_0MIN":402,"t_pm2_5MIN":1981,"t_pm10MIN":2411,"t_pm1_0MAX":479,"t_pm2_5MAX":2560,"t_pm10MAX":0,"t_tempC":24.67,"t_humiP":58.189999,"t_pressure":100057.359375,"t_latitudeA":0.0,"t_longitudeA":0.0,"EventProcessedUtcTime":"2019-05-23T01:01:09.7151742Z","PartitionId":2,"EventEnqueuedUtcTime":"2019-05-23T01:01:09.6140000Z","IoTHub":{"MessageId":null,"CorrelationId":null,"ConnectionDeviceId":"comdevice1","ConnectionDeviceGenerationId":"636934198778560378","EnqueuedTime":"2019-05-23T01:01:09.5700000Z","StreamId":null}}
{"t_DeviceID":"comdevice1","t_CO2":416,"t_tVOC":2,"t_pm1_0":446,"t_pm2_5":2231,"t_pm10":2765,"t_pm1_0MIN":402,"t_pm2_5MIN":1981,"t_pm10MIN":2411,"t_pm1_0MAX":479,"t_pm2_5MAX":2560,"t_pm10MAX":0,"t_tempC":24.280001,"t_humiP":43.889999,"t_pressure":100157.820312,"t_latitudeA":0.0,"t_longitudeA":0.0,"EventProcessedUtcTime":"2019-05-23T01:02:09.7067554Z","PartitionId":2,"EventEnqueuedUtcTime":"2019-05-23T01:02:09.6100000Z","IoTHub":{"MessageId":null,"CorrelationId":null,"ConnectionDeviceId":"comdevice1","ConnectionDeviceGenerationId":"636934198778560378","EnqueuedTime":"2019-05-23T01:02:09.5750000Z","StreamId":null}}
{"t_DeviceID":"comdevice1","t_CO2":518,"t_tVOC":17,"t_pm1_0":446,"t_pm2_5":2231,"t_pm10":2765,"t_pm1_0MIN":402,"t_pm2_5MIN":1981,"t_pm10MIN":2411,"t_pm1_0MAX":479,"t_pm2_5MAX":2560,"t_pm10MAX":0,"t_tempC":24.82,"t_humiP":41.689999,"t_pressure":100089.1875,"t_latitudeA":0.0,"t_longitudeA":0.0,"EventProcessedUtcTime":"2019-05-23T01:03:09.7019111Z","PartitionId":2,"EventEnqueuedUtcTime":"2019-05-23T01:03:09.6370000Z","IoTHub":{"MessageId":null,"CorrelationId":null,"ConnectionDeviceId":"comdevice1","ConnectionDeviceGenerationId":"636934198778560378","EnqueuedTime":"2019-05-23T01:03:09.5940000Z","StreamId":null}}
{"t_DeviceID":"comdevice1","t_CO2":697,"t_tVOC":45,"t_pm1_0":446,"t_pm2_5":2231,"t_pm10":2765,"t_pm1_0MIN":402,"t_pm2_5MIN":1981,"t_pm10MIN":2411,"t_pm1_0MAX":479,"t_pm2_5MAX":2560,"t_pm10MAX":0,"t_tempC":24.780001,"t_humiP":39.84,"t_pressure":100210.78125,"t_latitudeA":0.0,"t_longitudeA":0.0,"EventProcessedUtcTime":"2019-05-23T01:04:09.8178142Z","PartitionId":2,"EventEnqueuedUtcTime":"2019-05-23T01:04:09.7250000Z","IoTHub":{"MessageId":null,"CorrelationId":null,"ConnectionDeviceId":"comdevice1","ConnectionDeviceGenerationId":"636934198778560378","EnqueuedTime":"2019-05-23T01:04:09.6800000Z","StreamId":null}}
{"t_DeviceID":"comdevice1","t_CO2":405,"t_tVOC":0,"t_pm1_0":446,"t_pm2_5":2231,"t_pm10":2765,"t_pm1_0MIN":402,"t_pm2_5MIN":1981,"t_pm10MIN":2411,"t_pm1_0MAX":479,"t_pm2_5MAX":2560,"t_pm10MAX":0,"t_tempC":24.83,"t_humiP":39.220001,"t_pressure":100210.859375,"t_latitudeA":0.0,"t_longitudeA":0.0,"EventProcessedUtcTime":"2019-05-23T01:05:09.7700799Z","PartitionId":2,"EventEnqueuedUtcTime":"2019-05-23T01:05:09.6530000Z","IoTHub":{"MessageId":null,"CorrelationId":null,"ConnectionDeviceId":"comdevice1","ConnectionDeviceGenerationId":"636934198778560378","EnqueuedTime":"2019-05-23T01:05:09.6190000Z","StreamId":null}}
{"t_DeviceID":"comdevice1","t_CO2":882,"t_tVOC":73,"t_pm1_0":446,"t_pm2_5":2231,"t_pm10":2765,"t_pm1_0MIN":402,"t_pm2_5MIN":1981,"t_pm10MIN":2411,"t_pm1_0MAX":479,"t_pm2_5MAX":2560,"t_pm10MAX":0,"t_tempC":25.049999,"t_humiP":41.970001,"t_pressure":100122.929688,"t_latitudeA":0.0,"t_longitudeA":0.0,"EventProcessedUtcTime":"2019-05-23T01:06:09.7345435Z","PartitionId":2,"EventEnqueuedUtcTime":"2019-05-23T01:06:09.6470000Z","IoTHub":{"MessageId":null,"CorrelationId":null,"ConnectionDeviceId":"comdevice1","ConnectionDeviceGenerationId":"636934198778560378","EnqueuedTime":"2019-05-23T01:06:09.6140000Z","StreamId":null}}
{"t_DeviceID":"comdevice1","t_CO2":1569,"t_tVOC":178,"t_pm1_0":446,"t_pm2_5":2231,"t_pm10":2765,"t_pm1_0MIN":402,"t_pm2_5MIN":1981,"t_pm10MIN":2411,"t_pm1_0MAX":479,"t_pm2_5MAX":2560,"t_pm10MAX":0,"t_tempC":25.559999,"t_humiP":42.099998,"t_pressure":100395.5,"t_latitudeA":0.0,"t_longitudeA":0.0,"EventProcessedUtcTime":"2019-05-23T01:07:09.6887162Z","PartitionId":2,"EventEnqueuedUtcTime":"2019-05-23T01:07:09.6630000Z","IoTHub":{"MessageId":null,"CorrelationId":null,"ConnectionDeviceId":"comdevice1","ConnectionDeviceGenerationId":"636934198778560378","EnqueuedTime":"2019-05-23T01:07:09.6310000Z","StreamId":null}}
{"t_DeviceID":"comdevice1","t_CO2":1191,"t_tVOC":120,"t_pm1_0":446,"t_pm2_5":2231,"t_pm10":2765,"t_pm1_0MIN":402,"t_pm2_5MIN":1981,"t_pm10MIN":2411,"t_pm1_0MAX":479,"t_pm2_5MAX":2560,"t_pm10MAX":0,"t_tempC":26.040001,"t_humiP":42.169998,"t_pressure":100457.53125,"t_latitudeA":0.0,"t_longitudeA":0.0,"EventProcessedUtcTime":"2019-05-23T01:08:09.7874288Z","PartitionId":2,"EventEnqueuedUtcTime":"2019-05-23T01:08:09.6770000Z","IoTHub":{"MessageId":null,"CorrelationId":null,"ConnectionDeviceId":"comdevice1","ConnectionDeviceGenerationId":"636934198778560378","EnqueuedTime":"2019-05-23T01:08:09.6310000Z","StreamId":null}}
{"t_DeviceID":"comdevice1","t_CO2":1503,"t_tVOC":168,"t_pm1_0":446,"t_pm2_5":2231,"t_pm10":2765,"t_pm1_0MIN":402,"t_pm2_5MIN":1981,"t_pm10MIN":2411,"t_pm1_0MAX":479,"t_pm2_5MAX":2560,"t_pm10MAX":0,"t_tempC":26.49,"t_humiP":41.490002,"t_pressure":100474.992188,"t_latitudeA":0.0,"t_longitudeA":0.0,"EventProcessedUtcTime":"2019-05-23T01:09:09.7511913Z","PartitionId":2,"EventEnqueuedUtcTime":"2019-05-23T01:09:09.6880000Z","IoTHub":{"MessageId":null,"CorrelationId":null,"ConnectionDeviceId":"comdevice1","ConnectionDeviceGenerationId":"636934198778560378","EnqueuedTime":"2019-05-23T01:09:09.6560000Z","StreamId":null}}
{"t_DeviceID":"comdevice1","t_CO2":1341,"t_tVOC":143,"t_pm1_0":446,"t_pm2_5":2231,"t_pm10":2765,"t_pm1_0MIN":402,"t_pm2_5MIN":1981,"t_pm10MIN":2411,"t_pm1_0MAX":479,"t_pm2_5MAX":2560,"t_pm10MAX":0,"t_tempC":26.74,"t_humiP":36.970001,"t_pressure":100486.984375,"t_latitudeA":0.0,"t_longitudeA":0.0,"EventProcessedUtcTime":"2019-05-23T01:10:09.7991780Z","PartitionId":2,"EventEnqueuedUtcTime":"2019-05-23T01:10:09.6990000Z","IoTHub":{"MessageId":null,"CorrelationId":null,"ConnectionDeviceId":"comdevice1","ConnectionDeviceGenerationId":"636934198778560378","EnqueuedTime":"2019-05-23T01:10:09.6560000Z","StreamId":null}}
{"t_DeviceID":"comdevice1","t_CO2":897,"t_tVOC":75,"t_pm1_0":446,"t_pm2_5":2231,"t_pm10":2765,"t_pm1_0MIN":402,"t_pm2_5MIN":1981,"t_pm10MIN":2411,"t_pm1_0MAX":479,"t_pm2_5MAX":2560,"t_pm10MAX":0,"t_tempC":26.700001,"t_humiP":35.189999,"t_pressure":100533.421875,"t_latitudeA":0.0,"t_longitudeA":0.0,"EventProcessedUtcTime":"2019-05-23T01:11:09.7907704Z","PartitionId":2,"EventEnqueuedUtcTime":"2019-05-23T01:11:09.7020000Z","IoTHub":{"MessageId":null,"CorrelationId":null,"ConnectionDeviceId":"comdevice1","ConnectionDeviceGenerationId":"636934198778560378","EnqueuedTime":"2019-05-23T01:11:09.6680000Z","StreamId":null}}
{"t_DeviceID":"comdevice1","t_CO2":1074,"t_tVOC":102,"t_pm1_0":446,"t_pm2_5":2231,"t_pm10":2765,"t_pm1_0MIN":402,"t_pm2_5MIN":1981,"t_pm10MIN":2411,"t_pm1_0MAX":479,"t_pm2_5MAX":2560,"t_pm10MAX":0,"t_tempC":27.219999,"t_humiP":34.810001,"t_pressure":100536.578125,"t_latitudeA":0.0,"t_longitudeA":0.0,"EventProcessedUtcTime":"2019-05-23T01:12:09.7101041Z","PartitionId":2,"EventEnqueuedUtcTime":"2019-05-23T01:12:09.6250000Z","IoTHub":{"MessageId":null,"CorrelationId":null,"ConnectionDeviceId":"comdevice1","ConnectionDeviceGenerationId":"636934198778560378","EnqueuedTime":"2019-05-23T01:12:09.5850000Z","StreamId":null}}
{"t_DeviceID":"comdevice1","t_CO2":699,"t_tVOC":45,"t_pm1_0":446,"t_pm2_5":2231,"t_pm10":2765,"t_pm1_0MIN":402,"t_pm2_5MIN":1981,"t_pm10MIN":2411,"t_pm1_0MAX":479,"t_pm2_5MAX":2560,"t_pm10MAX":0,"t_tempC":26.940001,"t_humiP":33.91,"t_pressure":100620.53125,"t_latitudeA":0.0,"t_longitudeA":0.0,"EventProcessedUtcTime":"2019-05-23T01:13:09.6603128Z","PartitionId":2,"EventEnqueuedUtcTime":"2019-05-23T01:13:09.6350000Z","IoTHub":{"MessageId":null,"CorrelationId":null,"ConnectionDeviceId":"comdevice1","ConnectionDeviceGenerationId":"636934198778560378","EnqueuedTime":"2019-05-23T01:13:09.6060000Z","StreamId":null}}
{"t_DeviceID":"comdevice1","t_CO2":682,"t_tVOC":42,"t_pm1_0":446,"t_pm2_5":2231,"t_pm10":2765,"t_pm1_0MIN":402,"t_pm2_5MIN":1981,"t_pm10MIN":2411,"t_pm1_0MAX":479,"t_pm2_5MAX":2560,"t_pm10MAX":0,"t_tempC":27.01,"t_humiP":33.77,"t_pressure":100593.882812,"t_latitudeA":0.0,"t_longitudeA":0.0,"EventProcessedUtcTime":"2019-05-23T01:14:09.7699648Z","PartitionId":2,"EventEnqueuedUtcTime":"2019-05-23T01:14:09.6410000Z","IoTHub":{"MessageId":null,"CorrelationId":null,"ConnectionDeviceId":"comdevice1","ConnectionDeviceGenerationId":"636934198778560378","EnqueuedTime":"2019-05-23T01:14:09.6090000Z","StreamId":null}}
{"t_DeviceID":"comdevice1","t_CO2":1110,"t_tVOC":108,"t_pm1_0":446,"t_pm2_5":2231,"t_pm10":2765,"t_pm1_0MIN":402,"t_pm2_5MIN":1981,"t_pm10MIN":2411,"t_pm1_0MAX":479,"t_pm2_5MAX":2560,"t_pm10MAX":0,"t_tempC":27.030001,"t_humiP":34.029999,"t_pressure":100597.625,"t_latitudeA":0.0,"t_longitudeA":0.0,"EventProcessedUtcTime":"2019-05-23T01:15:09.7167306Z","PartitionId":2,"EventEnqueuedUtcTime":"2019-05-23T01:15:09.6590000Z","IoTHub":{"MessageId":null,"CorrelationId":null,"ConnectionDeviceId":"comdevice1","ConnectionDeviceGenerationId":"636934198778560378","EnqueuedTime":"2019-05-23T01:15:09.6230000Z","StreamId":null}}
{"t_DeviceID":"comdevice1","t_CO2":1047,"t_tVOC":98,"t_pm1_0":446,"t_pm2_5":2231,"t_pm10":2765,"t_pm1_0MIN":402,"t_pm2_5MIN":1981,"t_pm10MIN":2411,"t_pm1_0MAX":479,"t_pm2_5MAX":2560,"t_pm10MAX":0,"t_tempC":26.799999,"t_humiP":34.369999,"t_pressure":100594.46875,"t_latitudeA":0.0,"t_longitudeA":0.0,"EventProcessedUtcTime":"2019-05-23T01:16:09.7365820Z","PartitionId":2,"EventEnqueuedUtcTime":"2019-05-23T01:16:09.6700000Z","IoTHub":{"MessageId":null,"CorrelationId":null,"ConnectionDeviceId":"comdevice1","ConnectionDeviceGenerationId":"636934198778560378","EnqueuedTime":"2019-05-23T01:16:09.6390000Z","StreamId":null}}
{"t_DeviceID":"comdevice1","t_CO2":2537,"t_tVOC":325,"t_pm1_0":446,"t_pm2_5":2231,"t_pm10":2765,"t_pm1_0MIN":402,"t_pm2_5MIN":1981,"t_pm10MIN":2411,"t_pm1_0MAX":479,"t_pm2_5MAX":2560,"t_pm10MAX":0,"t_tempC":26.719999,"t_humiP":28.73,"t_pressure":100490.507812,"t_latitudeA":0.0,"t_longitudeA":0.0,"EventProcessedUtcTime":"2019-05-23T01:17:09.7130845Z","PartitionId":2,"EventEnqueuedUtcTime":"2019-05-23T01:17:09.6850000Z","IoTHub":{"MessageId":null,"CorrelationId":null,"ConnectionDeviceId":"comdevice1","ConnectionDeviceGenerationId":"636934198778560378","EnqueuedTime":"2019-05-23T01:17:09.6470000Z","StreamId":null}}
{"t_DeviceID":"comdevice1","t_CO2":2855,"t_tVOC":374,"t_pm1_0":446,"t_pm2_5":2231,"t_pm10":2765,"t_pm1_0MIN":402,"t_pm2_5MIN":1981,"t_pm10MIN":2411,"t_pm1_0MAX":479,"t_pm2_5MAX":2560,"t_pm10MAX":0,"t_tempC":26.75,"t_humiP":28.040001,"t_pressure":100461.679688,"t_latitudeA":0.0,"t_longitudeA":0.0,"EventProcessedUtcTime":"2019-05-23T01:18:09.7542674Z","PartitionId":2,"EventEnqueuedUtcTime":"2019-05-23T01:18:09.6960000Z","IoTHub":{"MessageId":null,"CorrelationId":null,"ConnectionDeviceId":"comdevice1","ConnectionDeviceGenerationId":"636934198778560378","EnqueuedTime":"2019-05-23T01:18:09.6610000Z","StreamId":null}}
{"t_DeviceID":"comdevice1","t_CO2":2913,"t_tVOC":382,"t_pm1_0":446,"t_pm2_5":2231,"t_pm10":2765,"t_pm1_0MIN":402,"t_pm2_5MIN":1981,"t_pm10MIN":2411,"t_pm1_0MAX":479,"t_pm2_5MAX":2560,"t_pm10MAX":0,"t_tempC":26.74,"t_humiP":28.879999,"t_pressure":100222.429688,"t_latitudeA":0.0,"t_longitudeA":0.0,"EventProcessedUtcTime":"2019-05-23T01:19:09.7410155Z","PartitionId":2,"EventEnqueuedUtcTime":"2019-05-23T01:19:09.7180000Z","IoTHub":{"MessageId":null,"CorrelationId":null,"ConnectionDeviceId":"comdevice1","ConnectionDeviceGenerationId":"636934198778560378","EnqueuedTime":"2019-05-23T01:19:09.6890000Z","StreamId":null}}
{"t_DeviceID":"comdevice1","t_CO2":3553,"t_tVOC":480,"t_pm1_0":446,"t_pm2_5":2231,"t_pm10":2765,"t_pm1_0MIN":402,"t_pm2_5MIN":1981,"t_pm10MIN":2411,"t_pm1_0MAX":479,"t_pm2_5MAX":2560,"t_pm10MAX":0,"t_tempC":26.6,"t_humiP":28.719999,"t_pressure":100061.6875,"t_latitudeA":0.0,"t_longitudeA":0.0,"EventProcessedUtcTime":"2019-05-23T01:20:09.6930516Z","PartitionId":2,"EventEnqueuedUtcTime":"2019-05-23T01:20:09.6330000Z","IoTHub":{"MessageId":null,"CorrelationId":null,"ConnectionDeviceId":"comdevice1","ConnectionDeviceGenerationId":"636934198778560378","EnqueuedTime":"2019-05-23T01:20:09.5910000Z","StreamId":null}}
{"t_DeviceID":"comdevice1","t_CO2":3887,"t_tVOC":531,"t_pm1_0":446,"t_pm2_5":2231,"t_pm10":2765,"t_pm1_0MIN":402,"t_pm2_5MIN":1981,"t_pm10MIN":2411,"t_pm1_0MAX":479,"t_pm2_5MAX":2560,"t_pm10MAX":0,"t_tempC":26.48,"t_humiP":28.74,"t_pressure":100228.695312,"t_latitudeA":0.0,"t_longitudeA":0.0,"EventProcessedUtcTime":"2019-05-23T01:21:09.6675930Z","PartitionId":2,"EventEnqueuedUtcTime":"2019-05-23T01:21:09.6420000Z","IoTHub":{"MessageId":null,"CorrelationId":null,"ConnectionDeviceId":"comdevice1","ConnectionDeviceGenerationId":"636934198778560378","EnqueuedTime":"2019-05-23T01:21:09.6010000Z","StreamId":null}}
{"t_DeviceID":"comdevice1","t_CO2":4423,"t_tVOC":612,"t_pm1_0":446,"t_pm2_5":2231,"t_pm10":2765,"t_pm1_0MIN":402,"t_pm2_5MIN":1981,"t_pm10MIN":2411,"t_pm1_0MAX":479,"t_pm2_5MAX":2560,"t_pm10MAX":0,"t_tempC":26.41,"t_humiP":28.0,"t_pressure":100411.4375,"t_latitudeA":0.0,"t_longitudeA":0.0,"EventProcessedUtcTime":"2019-05-23T01:22:09.7392996Z","PartitionId":2,"EventEnqueuedUtcTime":"2019-05-23T01:22:09.6670000Z","IoTHub":{"MessageId":null,"CorrelationId":null,"ConnectionDeviceId":"comdevice1","ConnectionDeviceGenerationId":"636934198778560378","EnqueuedTime":"2019-05-23T01:22:09.6370000Z","StreamId":null}}
{"t_DeviceID":"comdevice1","t_CO2":4761,"t_tVOC":664,"t_pm1_0":446,"t_pm2_5":2231,"t_pm10":2765,"t_pm1_0MIN":402,"t_pm2_5MIN":1981,"t_pm10MIN":2411,"t_pm1_0MAX":479,"t_pm2_5MAX":2560,"t_pm10MAX":0,"t_tempC":26.32,"t_humiP":28.200001,"t_pressure":100677.453125,"t_latitudeA":0.0,"t_longitudeA":0.0,"EventProcessedUtcTime":"2019-05-23T01:23:09.7982657Z","PartitionId":2,"EventEnqueuedUtcTime":"2019-05-23T01:23:09.7600000Z","IoTHub":{"MessageId":null,"CorrelationId":null,"ConnectionDeviceId":"comdevice1","ConnectionDeviceGenerationId":"636934198778560378","EnqueuedTime":"2019-05-23T01:23:09.7260000Z","StreamId":null}}
{"t_DeviceID":"comdevice1","t_CO2":5531,"t_tVOC":781,"t_pm1_0":446,"t_pm2_5":2231,"t_pm10":2765,"t_pm1_0MIN":402,"t_pm2_5MIN":1981,"t_pm10MIN":2411,"t_pm1_0MAX":479,"t_pm2_5MAX":2560,"t_pm10MAX":0,"t_tempC":26.370001,"t_humiP":28.17,"t_pressure":100871.117188,"t_latitudeA":0.0,"t_longitudeA":0.0,"EventProcessedUtcTime":"2019-05-23T01:24:09.8225890Z","PartitionId":2,"EventEnqueuedUtcTime":"2019-05-23T01:24:09.7800000Z","IoTHub":{"MessageId":null,"CorrelationId":null,"ConnectionDeviceId":"comdevice1","ConnectionDeviceGenerationId":"636934198778560378","EnqueuedTime":"2019-05-23T01:24:09.7480000Z","StreamId":null}}
{"t_DeviceID":"comdevice1","t_CO2":5614,"t_tVOC":794,"t_pm1_0":446,"t_pm2_5":2231,"t_pm10":2765,"t_pm1_0MIN":402,"t_pm2_5MIN":1981,"t_pm10MIN":2411,"t_pm1_0MAX":479,"t_pm2_5MAX":2560,"t_pm10MAX":0,"t_tempC":26.309999,"t_humiP":28.389999,"t_pressure":100937.539062,"t_latitudeA":0.0,"t_longitudeA":0.0,"EventProcessedUtcTime":"2019-05-23T01:25:09.8726883Z","PartitionId":2,"EventEnqueuedUtcTime":"2019-05-23T01:25:09.8030000Z","IoTHub":{"MessageId":null,"CorrelationId":null,"ConnectionDeviceId":"comdevice1","ConnectionDeviceGenerationId":"636934198778560378","EnqueuedTime":"2019-05-23T01:25:09.7570000Z","StreamId":null}}
{"t_DeviceID":"comdevice1","t_CO2":5872,"t_tVOC":833,"t_pm1_0":446,"t_pm2_5":2231,"t_pm10":2765,"t_pm1_0MIN":402,"t_pm2_5MIN":1981,"t_pm10MIN":2411,"t_pm1_0MAX":479,"t_pm2_5MAX":2560,"t_pm10MAX":0,"t_tempC":26.32,"t_humiP":28.08,"t_pressure":101029.742188,"t_latitudeA":0.0,"t_longitudeA":0.0,"EventProcessedUtcTime":"2019-05-23T01:26:09.8326882Z","PartitionId":2,"EventEnqueuedUtcTime":"2019-05-23T01:26:09.8000000Z","IoTHub":{"MessageId":null,"CorrelationId":null,"ConnectionDeviceId":"comdevice1","ConnectionDeviceGenerationId":"636934198778560378","EnqueuedTime":"2019-05-23T01:26:09.7620000Z","StreamId":null}}
{"t_DeviceID":"comdevice1","t_CO2":5872,"t_tVOC":833,"t_pm1_0":446,"t_pm2_5":2231,"t_pm10":2765,"t_pm1_0MIN":402,"t_pm2_5MIN":1981,"t_pm10MIN":2411,"t_pm1_0MAX":479,"t_pm2_5MAX":2560,"t_pm10MAX":0,"t_tempC":26.389999,"t_humiP":27.52,"t_pressure":101032.015625,"t_latitudeA":0.0,"t_longitudeA":0.0,"EventProcessedUtcTime":"2019-05-23T01:27:09.7656677Z","PartitionId":2,"EventEnqueuedUtcTime":"2019-05-23T01:27:09.7290000Z","IoTHub":{"MessageId":null,"CorrelationId":null,"ConnectionDeviceId":"comdevice1","ConnectionDeviceGenerationId":"636934198778560378","EnqueuedTime":"2019-05-23T01:27:09.6890000Z","StreamId":null}}
{"t_DeviceID":"comdevice1","t_CO2":6165,"t_tVOC":878,"t_pm1_0":446,"t_pm2_5":2231,"t_pm10":2765,"t_pm1_0MIN":402,"t_pm2_5MIN":1981,"t_pm10MIN":2411,"t_pm1_0MAX":479,"t_pm2_5MAX":2560,"t_pm10MAX":0,"t_tempC":26.32,"t_humiP":27.57,"t_pressure":101027.085938,"t_latitudeA":0.0,"t_longitudeA":0.0,"EventProcessedUtcTime":"2019-05-23T01:28:09.6609192Z","PartitionId":2,"EventEnqueuedUtcTime":"2019-05-23T01:28:09.6240000Z","IoTHub":{"MessageId":null,"CorrelationId":null,"ConnectionDeviceId":"comdevice1","ConnectionDeviceGenerationId":"636934198778560378","EnqueuedTime":"2019-05-23T01:28:09.5940000Z","StreamId":null}}
{"t_DeviceID":"comdevice1","t_CO2":6823,"t_tVOC":978,"t_pm1_0":446,"t_pm2_5":2231,"t_pm10":2765,"t_pm1_0MIN":402,"t_pm2_5MIN":1981,"t_pm10MIN":2411,"t_pm1_0MAX":479,"t_pm2_5MAX":2560,"t_pm10MAX":0,"t_tempC":26.26,"t_humiP":27.73,"t_pressure":101031.578125,"t_latitudeA":0.0,"t_longitudeA":0.0,"EventProcessedUtcTime":"2019-05-23T01:29:09.8264711Z","PartitionId":2,"EventEnqueuedUtcTime":"2019-05-23T01:29:09.7550000Z","IoTHub":{"MessageId":null,"CorrelationId":null,"ConnectionDeviceId":"comdevice1","ConnectionDeviceGenerationId":"636934198778560378","EnqueuedTime":"2019-05-23T01:29:09.7130000Z","StreamId":null}}
{"t_DeviceID":"comdevice1","t_CO2":6081,"t_tVOC":865,"t_pm1_0":446,"t_pm2_5":2231,"t_pm10":2765,"t_pm1_0MIN":402,"t_pm2_5MIN":1981,"t_pm10MIN":2411,"t_pm1_0MAX":479,"t_pm2_5MAX":2560,"t_pm10MAX":0,"t_tempC":26.23,"t_humiP":26.799999,"t_pressure":101022.273438,"t_latitudeA":0.0,"t_longitudeA":0.0,"EventProcessedUtcTime":"2019-05-23T01:30:09.7703872Z","PartitionId":2,"EventEnqueuedUtcTime":"2019-05-23T01:30:09.6560000Z","IoTHub":{"MessageId":null,"CorrelationId":null,"ConnectionDeviceId":"comdevice1","ConnectionDeviceGenerationId":"636934198778560378","EnqueuedTime":"2019-05-23T01:30:09.6190000Z","StreamId":null}}
{"t_DeviceID":"comdevice1","t_CO2":6442,"t_tVOC":920,"t_pm1_0":446,"t_pm2_5":2231,"t_pm10":2765,"t_pm1_0MIN":402,"t_pm2_5MIN":1981,"t_pm10MIN":2411,"t_pm1_0MAX":479,"t_pm2_5MAX":2560,"t_pm10MAX":0,"t_tempC":26.0,"t_humiP":27.82,"t_pressure":100991.125,"t_latitudeA":0.0,"t_longitudeA":0.0,"EventProcessedUtcTime":"2019-05-23T01:31:09.7884818Z","PartitionId":2,"EventEnqueuedUtcTime":"2019-05-23T01:31:09.6790000Z","IoTHub":{"MessageId":null,"CorrelationId":null,"ConnectionDeviceId":"comdevice1","ConnectionDeviceGenerationId":"636934198778560378","EnqueuedTime":"2019-05-23T01:31:09.6390000Z","StreamId":null}}
{"t_DeviceID":"comdevice1","t_CO2":2954,"t_tVOC":389,"t_pm1_0":446,"t_pm2_5":2231,"t_pm10":2765,"t_pm1_0MIN":402,"t_pm2_5MIN":1981,"t_pm10MIN":2411,"t_pm1_0MAX":479,"t_pm2_5MAX":2560,"t_pm10MAX":0,"t_tempC":26.02,"t_humiP":31.77,"t_pressure":100997.328125,"t_latitudeA":0.0,"t_longitudeA":0.0,"EventProcessedUtcTime":"2019-05-23T01:32:09.7305727Z","PartitionId":2,"EventEnqueuedUtcTime":"2019-05-23T01:32:09.7010000Z","IoTHub":{"MessageId":null,"CorrelationId":null,"ConnectionDeviceId":"comdevice1","ConnectionDeviceGenerationId":"636934198778560378","EnqueuedTime":"2019-05-23T01:32:09.6650000Z","StreamId":null}}
{"t_DeviceID":"comdevice1","t_CO2":7992,"t_tVOC":1156,"t_pm1_0":446,"t_pm2_5":2231,"t_pm10":2765,"t_pm1_0MIN":402,"t_pm2_5MIN":1981,"t_pm10MIN":2411,"t_pm1_0MAX":479,"t_pm2_5MAX":2560,"t_pm10MAX":0,"t_tempC":26.280001,"t_humiP":32.330002,"t_pressure":100997.828125,"t_latitudeA":0.0,"t_longitudeA":0.0,"EventProcessedUtcTime":"2019-05-23T01:33:09.8083712Z","PartitionId":2,"EventEnqueuedUtcTime":"2019-05-23T01:33:09.7100000Z","IoTHub":{"MessageId":null,"CorrelationId":null,"ConnectionDeviceId":"comdevice1","ConnectionDeviceGenerationId":"636934198778560378","EnqueuedTime":"2019-05-23T01:33:09.6710000Z","StreamId":null}}
{"t_DeviceID":"comdevice1","t_CO2":3375,"t_tVOC":453,"t_pm1_0":446,"t_pm2_5":2231,"t_pm10":2765,"t_pm1_0MIN":402,"t_pm2_5MIN":1981,"t_pm10MIN":2411,"t_pm1_0MAX":479,"t_pm2_5MAX":2560,"t_pm10MAX":0,"t_tempC":26.51,"t_humiP":26.299999,"t_pressure":100981.796875,"t_latitudeA":0.0,"t_longitudeA":0.0,"EventProcessedUtcTime":"2019-05-23T01:34:09.8200038Z","PartitionId":2,"EventEnqueuedUtcTime":"2019-05-23T01:34:09.7120000Z","IoTHub":{"MessageId":null,"CorrelationId":null,"ConnectionDeviceId":"comdevice1","ConnectionDeviceGenerationId":"636934198778560378","EnqueuedTime":"2019-05-23T01:34:09.6870000Z","StreamId":null}}
{"t_DeviceID":"comdevice1","t_CO2":3495,"t_tVOC":471,"t_pm1_0":446,"t_pm2_5":2231,"t_pm10":2765,"t_pm1_0MIN":402,"t_pm2_5MIN":1981,"t_pm10MIN":2411,"t_pm1_0MAX":479,"t_pm2_5MAX":2560,"t_pm10MAX":0,"t_tempC":26.700001,"t_humiP":25.65,"t_pressure":101025.390625,"t_latitudeA":0.0,"t_longitudeA":0.0,"EventProcessedUtcTime":"2019-05-23T01:35:09.7424896Z","PartitionId":2,"EventEnqueuedUtcTime":"2019-05-23T01:35:09.7290000Z","IoTHub":{"MessageId":null,"CorrelationId":null,"ConnectionDeviceId":"comdevice1","ConnectionDeviceGenerationId":"636934198778560378","EnqueuedTime":"2019-05-23T01:35:09.6900000Z","StreamId":null}}
{"t_DeviceID":"comdevice1","t_CO2":3678,"t_tVOC":499,"t_pm1_0":446,"t_pm2_5":2231,"t_pm10":2765,"t_pm1_0MIN":402,"t_pm2_5MIN":1981,"t_pm10MIN":2411,"t_pm1_0MAX":479,"t_pm2_5MAX":2560,"t_pm10MAX":0,"t_tempC":26.77,"t_humiP":24.74,"t_pressure":101039.335938,"t_latitudeA":0.0,"t_longitudeA":0.0,"EventProcessedUtcTime":"2019-05-23T01:36:09.7034104Z","PartitionId":2,"EventEnqueuedUtcTime":"2019-05-23T01:36:09.6630000Z","IoTHub":{"MessageId":null,"CorrelationId":null,"ConnectionDeviceId":"comdevice1","ConnectionDeviceGenerationId":"636934198778560378","EnqueuedTime":"2019-05-23T01:36:09.6230000Z","StreamId":null}}
{"t_DeviceID":"comdevice1","t_CO2":4014,"t_tVOC":550,"t_pm1_0":446,"t_pm2_5":2231,"t_pm10":2765,"t_pm1_0MIN":402,"t_pm2_5MIN":1981,"t_pm10MIN":2411,"t_pm1_0MAX":479,"t_pm2_5MAX":2560,"t_pm10MAX":0,"t_tempC":26.84,"t_humiP":26.219999,"t_pressure":101029.140625,"t_latitudeA":0.0,"t_longitudeA":0.0,"EventProcessedUtcTime":"2019-05-23T01:37:09.7556494Z","PartitionId":2,"EventEnqueuedUtcTime":"2019-05-23T01:37:09.6730000Z","IoTHub":{"MessageId":null,"CorrelationId":null,"ConnectionDeviceId":"comdevice1","ConnectionDeviceGenerationId":"636934198778560378","EnqueuedTime":"2019-05-23T01:37:09.6400000Z","StreamId":null}}
{"t_DeviceID":"comdevice1","t_CO2":4721,"t_tVOC":658,"t_pm1_0":446,"t_pm2_5":2231,"t_pm10":2765,"t_pm1_0MIN":402,"t_pm2_5MIN":1981,"t_pm10MIN":2411,"t_pm1_0MAX":479,"t_pm2_5MAX":2560,"t_pm10MAX":0,"t_tempC":26.969999,"t_humiP":28.120001,"t_pressure":101002.0625,"t_latitudeA":0.0,"t_longitudeA":0.0,"EventProcessedUtcTime":"2019-05-23T01:38:09.8752399Z","PartitionId":2,"EventEnqueuedUtcTime":"2019-05-23T01:38:09.7700000Z","IoTHub":{"MessageId":null,"CorrelationId":null,"ConnectionDeviceId":"comdevice1","ConnectionDeviceGenerationId":"636934198778560378","EnqueuedTime":"2019-05-23T01:38:09.7320000Z","StreamId":null}}
{"t_DeviceID":"comdevice1","t_CO2":5599,"t_tVOC":792,"t_pm1_0":446,"t_pm2_5":2231,"t_pm10":2765,"t_pm1_0MIN":402,"t_pm2_5MIN":1981,"t_pm10MIN":2411,"t_pm1_0MAX":479,"t_pm2_5MAX":2560,"t_pm10MAX":0,"t_tempC":27.17,"t_humiP":29.870001,"t_pressure":101024.8125,"t_latitudeA":0.0,"t_longitudeA":0.0,"EventProcessedUtcTime":"2019-05-23T01:39:09.8044390Z","PartitionId":2,"EventEnqueuedUtcTime":"2019-05-23T01:39:09.6940000Z","IoTHub":{"MessageId":null,"CorrelationId":null,"ConnectionDeviceId":"comdevice1","ConnectionDeviceGenerationId":"636934198778560378","EnqueuedTime":"2019-05-23T01:39:09.6500000Z","StreamId":null}}
{"t_DeviceID":"comdevice1","t_CO2":6285,"t_tVOC":896,"t_pm1_0":446,"t_pm2_5":2231,"t_pm10":2765,"t_pm1_0MIN":402,"t_pm2_5MIN":1981,"t_pm10MIN":2411,"t_pm1_0MAX":479,"t_pm2_5MAX":2560,"t_pm10MAX":0,"t_tempC":27.360001,"t_humiP":30.24,"t_pressure":101027.515625,"t_latitudeA":0.0,"t_longitudeA":0.0,"EventProcessedUtcTime":"2019-05-23T01:40:09.9087981Z","PartitionId":2,"EventEnqueuedUtcTime":"2019-05-23T01:40:09.8160000Z","IoTHub":{"MessageId":null,"CorrelationId":null,"ConnectionDeviceId":"comdevice1","ConnectionDeviceGenerationId":"636934198778560378","EnqueuedTime":"2019-05-23T01:40:09.7800000Z","StreamId":null}}
{"t_DeviceID":"comdevice1","t_CO2":7922,"t_tVOC":1145,"t_pm1_0":446,"t_pm2_5":2231,"t_pm10":2765,"t_pm1_0MIN":402,"t_pm2_5MIN":1981,"t_pm10MIN":2411,"t_pm1_0MAX":479,"t_pm2_5MAX":2560,"t_pm10MAX":0,"t_tempC":27.52,"t_humiP":31.870001,"t_pressure":100993.359375,"t_latitudeA":0.0,"t_longitudeA":0.0,"EventProcessedUtcTime":"2019-05-23T01:41:09.9353855Z","PartitionId":2,"EventEnqueuedUtcTime":"2019-05-23T01:41:09.8360000Z","IoTHub":{"MessageId":null,"CorrelationId":null,"ConnectionDeviceId":"comdevice1","ConnectionDeviceGenerationId":"636934198778560378","EnqueuedTime":"2019-05-23T01:41:09.8020000Z","StreamId":null}}
{"t_DeviceID":"comdevice1","t_CO2":7985,"t_tVOC":1155,"t_pm1_0":37,"t_pm2_5":49,"t_pm10":61,"t_pm1_0MIN":36,"t_pm2_5MIN":48,"t_pm10MIN":59,"t_pm1_0MAX":39,"t_pm2_5MAX":55,"t_pm10MAX":65,"t_tempC":27.65,"t_humiP":30.4,"t_pressure":100917.351562,"t_latitudeA":0.0,"t_longitudeA":0.0,"EventProcessedUtcTime":"2019-05-23T01:42:09.8674907Z","PartitionId":2,"EventEnqueuedUtcTime":"2019-05-23T01:42:09.7430000Z","IoTHub":{"MessageId":null,"CorrelationId":null,"ConnectionDeviceId":"comdevice1","ConnectionDeviceGenerationId":"636934198778560378","EnqueuedTime":"2019-05-23T01:42:09.7040000Z","StreamId":null}}
{"t_DeviceID":"comdevice1","t_CO2":6436,"t_tVOC":919,"t_pm1_0":36,"t_pm2_5":52,"t_pm10":65,"t_pm1_0MIN":36,"t_pm2_5MIN":52,"t_pm10MIN":64,"t_pm1_0MAX":37,"t_pm2_5MAX":53,"t_pm10MAX":66,"t_tempC":27.700001,"t_humiP":31.18,"t_pressure":100801.234375,"t_latitudeA":0.0,"t_longitudeA":0.0,"EventProcessedUtcTime":"2019-05-23T01:43:09.7915163Z","PartitionId":2,"EventEnqueuedUtcTime":"2019-05-23T01:43:09.7530000Z","IoTHub":{"MessageId":null,"CorrelationId":null,"ConnectionDeviceId":"comdevice1","ConnectionDeviceGenerationId":"636934198778560378","EnqueuedTime":"2019-05-23T01:43:09.7100000Z","StreamId":null}}
{"t_DeviceID":"comdevice1","t_CO2":6574,"t_tVOC":940,"t_pm1_0":32,"t_pm2_5":45,"t_pm10":48,"t_pm1_0MIN":31,"t_pm2_5MIN":45,"t_pm10MIN":47,"t_pm1_0MAX":33,"t_pm2_5MAX":46,"t_pm10MAX":50,"t_tempC":27.85,"t_humiP":30.870001,"t_pressure":100748.265625,"t_latitudeA":0.0,"t_longitudeA":0.0,"EventProcessedUtcTime":"2019-05-23T01:44:09.8375099Z","PartitionId":2,"EventEnqueuedUtcTime":"2019-05-23T01:44:09.7590000Z","IoTHub":{"MessageId":null,"CorrelationId":null,"ConnectionDeviceId":"comdevice1","ConnectionDeviceGenerationId":"636934198778560378","EnqueuedTime":"2019-05-23T01:44:09.7170000Z","StreamId":null}}
{"t_DeviceID":"comdevice1","t_CO2":6804,"t_tVOC":975,"t_pm1_0":35,"t_pm2_5":49,"t_pm10":60,"t_pm1_0MIN":34,"t_pm2_5MIN":48,"t_pm10MIN":58,"t_pm1_0MAX":36,"t_pm2_5MAX":50,"t_pm10MAX":62,"t_tempC":27.9,"t_humiP":31.67,"t_pressure":100444.34375,"t_latitudeA":0.0,"t_longitudeA":0.0,"EventProcessedUtcTime":"2019-05-23T01:45:09.8093380Z","PartitionId":2,"EventEnqueuedUtcTime":"2019-05-23T01:45:09.6850000Z","IoTHub":{"MessageId":null,"CorrelationId":null,"ConnectionDeviceId":"comdevice1","ConnectionDeviceGenerationId":"636934198778560378","EnqueuedTime":"2019-05-23T01:45:09.6520000Z","StreamId":null}}
{"t_DeviceID":"comdevice1","t_CO2":7806,"t_tVOC":1128,"t_pm1_0":32,"t_pm2_5":42,"t_pm10":54,"t_pm1_0MIN":31,"t_pm2_5MIN":42,"t_pm10MIN":52,"t_pm1_0MAX":33,"t_pm2_5MAX":43,"t_pm10MAX":58,"t_tempC":27.99,"t_humiP":33.619999,"t_pressure":100193.054688,"t_latitudeA":0.0,"t_longitudeA":0.0,"EventProcessedUtcTime":"2019-05-23T01:46:09.9018096Z","PartitionId":2,"EventEnqueuedUtcTime":"2019-05-23T01:46:09.7830000Z","IoTHub":{"MessageId":null,"CorrelationId":null,"ConnectionDeviceId":"comdevice1","ConnectionDeviceGenerationId":"636934198778560378","EnqueuedTime":"2019-05-23T01:46:09.7470000Z","StreamId":null}}
{"t_DeviceID":"comdevice1","t_CO2":7663,"t_tVOC":1106,"t_pm1_0":32,"t_pm2_5":49,"t_pm10":62,"t_pm1_0MIN":32,"t_pm2_5MIN":47,"t_pm10MIN":55,"t_pm1_0MAX":34,"t_pm2_5MAX":52,"t_pm10MAX":65,"t_tempC":28.139999,"t_humiP":34.139999,"t_pressure":99896.78125,"t_latitudeA":0.0,"t_longitudeA":0.0,"EventProcessedUtcTime":"2019-05-23T01:47:09.8082926Z","PartitionId":2,"EventEnqueuedUtcTime":"2019-05-23T01:47:09.7160000Z","IoTHub":{"MessageId":null,"CorrelationId":null,"ConnectionDeviceId":"comdevice1","ConnectionDeviceGenerationId":"636934198778560378","EnqueuedTime":"2019-05-23T01:47:09.6750000Z","StreamId":null}}
{"t_DeviceID":"comdevice1","t_CO2":6225,"t_tVOC":887,"t_pm1_0":49,"t_pm2_5":70,"t_pm10":88,"t_pm1_0MIN":47,"t_pm2_5MIN":69,"t_pm10MIN":84,"t_pm1_0MAX":52,"t_pm2_5MAX":72,"t_pm10MAX":93,"t_tempC":28.82,"t_humiP":29.09,"t_pressure":99881.734375,"t_latitudeA":0.0,"t_longitudeA":0.0,"EventProcessedUtcTime":"2019-05-23T01:48:09.9067362Z","PartitionId":2,"EventEnqueuedUtcTime":"2019-05-23T01:48:09.8630000Z","IoTHub":{"MessageId":null,"CorrelationId":null,"ConnectionDeviceId":"comdevice1","ConnectionDeviceGenerationId":"636934198778560378","EnqueuedTime":"2019-05-23T01:48:09.8300000Z","StreamId":null}}
{"t_DeviceID":"comdevice1","t_CO2":3369,"t_tVOC":452,"t_pm1_0":49,"t_pm2_5":70,"t_pm10":88,"t_pm1_0MIN":47,"t_pm2_5MIN":69,"t_pm10MIN":84,"t_pm1_0MAX":52,"t_pm2_5MAX":72,"t_pm10MAX":93,"t_tempC":28.65,"t_humiP":29.6,"t_pressure":99793.8125,"t_latitudeA":0.0,"t_longitudeA":0.0,"EventProcessedUtcTime":"2019-05-23T01:49:09.7502545Z","PartitionId":2,"EventEnqueuedUtcTime":"2019-05-23T01:49:09.7250000Z","IoTHub":{"MessageId":null,"CorrelationId":null,"ConnectionDeviceId":"comdevice1","ConnectionDeviceGenerationId":"636934198778560378","EnqueuedTime":"2019-05-23T01:49:09.6820000Z","StreamId":null}}
{"t_DeviceID":"comdevice1","t_CO2":3119,"t_tVOC":414,"t_pm1_0":49,"t_pm2_5":70,"t_pm10":88,"t_pm1_0MIN":47,"t_pm2_5MIN":69,"t_pm10MIN":84,"t_pm1_0MAX":52,"t_pm2_5MAX":72,"t_pm10MAX":93,"t_tempC":28.23,"t_humiP":29.879999,"t_pressure":99684.03125,"t_latitudeA":0.0,"t_longitudeA":0.0,"EventProcessedUtcTime":"2019-05-23T01:50:09.8350391Z","PartitionId":2,"EventEnqueuedUtcTime":"2019-05-23T01:50:09.7450000Z","IoTHub":{"MessageId":null,"CorrelationId":null,"ConnectionDeviceId":"comdevice1","ConnectionDeviceGenerationId":"636934198778560378","EnqueuedTime":"2019-05-23T01:50:09.7010000Z","StreamId":null}}
{"t_DeviceID":"comdevice1","t_CO2":2929,"t_tVOC":385,"t_pm1_0":49,"t_pm2_5":70,"t_pm10":88,"t_pm1_0MIN":47,"t_pm2_5MIN":69,"t_pm10MIN":84,"t_pm1_0MAX":52,"t_pm2_5MAX":72,"t_pm10MAX":93,"t_tempC":28.34,"t_humiP":30.09,"t_pressure":99582.46875,"t_latitudeA":0.0,"t_longitudeA":0.0,"EventProcessedUtcTime":"2019-05-23T01:51:09.8742914Z","PartitionId":2,"EventEnqueuedUtcTime":"2019-05-23T01:51:09.8300000Z","IoTHub":{"MessageId":null,"CorrelationId":null,"ConnectionDeviceId":"comdevice1","ConnectionDeviceGenerationId":"636934198778560378","EnqueuedTime":"2019-05-23T01:51:09.7860000Z","StreamId":null}}
{"t_DeviceID":"comdevice1","t_CO2":2084,"t_tVOC":256,"t_pm1_0":49,"t_pm2_5":70,"t_pm10":88,"t_pm1_0MIN":47,"t_pm2_5MIN":69,"t_pm10MIN":84,"t_pm1_0MAX":52,"t_pm2_5MAX":72,"t_pm10MAX":93,"t_tempC":27.799999,"t_humiP":31.610001,"t_pressure":99563.828125,"t_latitudeA":0.0,"t_longitudeA":0.0,"EventProcessedUtcTime":"2019-05-23T01:52:09.8134714Z","PartitionId":2,"EventEnqueuedUtcTime":"2019-05-23T01:52:09.7430000Z","IoTHub":{"MessageId":null,"CorrelationId":null,"ConnectionDeviceId":"comdevice1","ConnectionDeviceGenerationId":"636934198778560378","EnqueuedTime":"2019-05-23T01:52:09.7130000Z","StreamId":null}}